#,U,S
#,C,A
#,E,U
#,A,S,I,A
#,O,C,E,A,N,I,A
#,L,A,T,A,M
#,A,F
h,t,t,p,s,:,/,/,a,u,b,u,r,n,.,c,r,a,i,g,s,l,i,s,t,.,o,r,g,/
h,t,t,p,s,:,/,/,b,h,a,m,.,c,r,a,i,g,s,l,i,s,t,.,o,r,g,/
h,t,t,p,s,:,/,/,d,o,t,h,a,n,.,c,r,a,i,g,s,l,i,s,t,.,o,r,g,/
h,t,t,p,s,:,/,/,s,h,o,a,l,s,.,c,r,a,i,g,s,l,i,s,t,.,o,r,g,/
h,t,t,p,s,:,/,/,g,a,d,s,d,e,n,.,c,r,a,i,g,s,l,i,s,t,.,o,r,g,/
h,t,t,p,s,:,/,/,h,u,n,t,s,v,i,l,l,e,.,c,r,a,i,g,s,l,i,s,t,.,o,r,g,/
h,t,t,p,s,:,/,/,m,o,b,i,l,e,.,c,r,a,i,g,s,l,i,s,t,.,o,r,g,/
h,t,t,p,s,:,/,/,m,o,n,t,g,o,m,e,r,y,.,c,r,a,i,g,s,l,i,s,t,.,o,r,g,/
h,t,t,p,s,:,/,/,t,u,s,c,a,l,o,o,s,a,.,c,r,a,i,g,s,l,i,s,t,.,o,r,g,/
h,t,t,p,s,:,/,/,a,n,c,h,o,r,a,g,e,.,c,r,a,i,g,s,l,i,s,t,.,o,r,g,/
h,t,t,p,s,:,/,/,f,a,i,r,b,a,n,k,s,.,c,r,a,i,g,s,l,i,s,t,.,o,r,g,/
h,t,t,p,s,:,/,/,k,e,n,a,i,.,c,r,a,i,g,s,l,i,s,t,.,o,r,g,/
h,t,t,p,s,:,/,/,j,u,n,e,a,u,.,c,r,a,i,g,s,l,i,s,t,.,o,r,g,/
h,t,t,p,s,:,/,/,f,l,a,g,s,t,a,f,f,.,c,r,a,i,g,s,l,i,s,t,.,o,r,g,/
h,t,t,p,s,:,/,/,m,o,h,a,v,e,.,c,r,a,i,g,s,l,i,s,t,.,o,r,g,/
h,t,t,p,s,:,/,/,p,h,o,e,n,i,x,.,c,r,a,i,g,s,l,i,s,t,.,o,r,g,/
h,t,t,p,s,:,/,/,p,r,e,s,c,o,t,t,.,c,r,a,i,g,s,l,i,s,t,.,o,r,g,/
h,t,t,p,s,:,/,/,s,h,o,w,l,o,w,.,c,r,a,i,g,s,l,i,s,t,.,o,r,g,/
h,t,t,p,s,:,/,/,s,i,e,r,r,a,v,i,s,t,a,.,c,r,a,i,g,s,l,i,s,t,.,o,r,g,/
h,t,t,p,s,:,/,/,t,u,c,s,o,n,.,c,r,a,i,g,s,l,i,s,t,.,o,r,g,/
h,t,t,p,s,:,/,/,y,u,m,a,.,c,r,a,i,g,s,l,i,s,t,.,o,r,g,/
h,t,t,p,s,:,/,/,f,a,y,a,r,.,c,r,a,i,g,s,l,i,s,t,.,o,r,g,/
h,t,t,p,s,:,/,/,f,o,r,t,s,m,i,t,h,.,c,r,a,i,g,s,l,i,s,t,.,o,r,g,/
h,t,t,p,s,:,/,/,j,o,n,e,s,b,o,r,o,.,c,r,a,i,g,s,l,i,s,t,.,o,r,g,/
h,t,t,p,s,:,/,/,l,i,t,t,l,e,r,o,c,k,.,c,r,a,i,g,s,l,i,s,t,.,o,r,g,/
h,t,t,p,s,:,/,/,t,e,x,a,r,k,a,n,a,.,c,r,a,i,g,s,l,i,s,t,.,o,r,g,/
h,t,t,p,s,:,/,/,b,a,k,e,r,s,f,i,e,l,d,.,c,r,a,i,g,s,l,i,s,t,.,o,r,g,/
h,t,t,p,s,:,/,/,c,h,i,c,o,.,c,r,a,i,g,s,l,i,s,t,.,o,r,g,/
h,t,t,p,s,:,/,/,f,r,e,s,n,o,.,c,r,a,i,g,s,l,i,s,t,.,o,r,g,/
h,t,t,p,s,:,/,/,g,o,l,d,c,o,u,n,t,r,y,.,c,r,a,i,g,s,l,i,s,t,.,o,r,g,/
h,t,t,p,s,:,/,/,h,a,n,f,o,r,d,.,c,r,a,i,g,s,l,i,s,t,.,o,r,g,/
h,t,t,p,s,:,/,/,h,u,m,b,o,l,d,t,.,c,r,a,i,g,s,l,i,s,t,.,o,r,g,/
h,t,t,p,s,:,/,/,i,m,p,e,r,i,a,l,.,c,r,a,i,g,s,l,i,s,t,.,o,r,g,/
h,t,t,p,s,:,/,/,i,n,l,a,n,d,e,m,p,i,r,e,.,c,r,a,i,g,s,l,i,s,t,.,o,r,g,/
h,t,t,p,s,:,/,/,l,o,s,a,n,g,e,l,e,s,.,c,r,a,i,g,s,l,i,s,t,.,o,r,g,/
h,t,t,p,s,:,/,/,m,e,n,d,o,c,i,n,o,.,c,r,a,i,g,s,l,i,s,t,.,o,r,g,/
h,t,t,p,s,:,/,/,m,e,r,c,e,d,.,c,r,a,i,g,s,l,i,s,t,.,o,r,g,/
h,t,t,p,s,:,/,/,m,o,d,e,s,t,o,.,c,r,a,i,g,s,l,i,s,t,.,o,r,g,/
h,t,t,p,s,:,/,/,m,o,n,t,e,r,e,y,.,c,r,a,i,g,s,l,i,s,t,.,o,r,g,/
h,t,t,p,s,:,/,/,o,r,a,n,g,e,c,o,u,n,t,y,.,c,r,a,i,g,s,l,i,s,t,.,o,r,g,/
h,t,t,p,s,:,/,/,p,a,l,m,s,p,r,i,n,g,s,.,c,r,a,i,g,s,l,i,s,t,.,o,r,g,/
h,t,t,p,s,:,/,/,r,e,d,d,i,n,g,.,c,r,a,i,g,s,l,i,s,t,.,o,r,g,/
h,t,t,p,s,:,/,/,s,a,c,r,a,m,e,n,t,o,.,c,r,a,i,g,s,l,i,s,t,.,o,r,g,/
h,t,t,p,s,:,/,/,s,a,n,d,i,e,g,o,.,c,r,a,i,g,s,l,i,s,t,.,o,r,g,/
h,t,t,p,s,:,/,/,s,f,b,a,y,.,c,r,a,i,g,s,l,i,s,t,.,o,r,g,/
h,t,t,p,s,:,/,/,s,l,o,.,c,r,a,i,g,s,l,i,s,t,.,o,r,g,/
h,t,t,p,s,:,/,/,s,a,n,t,a,b,a,r,b,a,r,a,.,c,r,a,i,g,s,l,i,s,t,.,o,r,g,/
h,t,t,p,s,:,/,/,s,a,n,t,a,m,a,r,i,a,.,c,r,a,i,g,s,l,i,s,t,.,o,r,g,/
h,t,t,p,s,:,/,/,s,i,s,k,i,y,o,u,.,c,r,a,i,g,s,l,i,s,t,.,o,r,g,/
h,t,t,p,s,:,/,/,s,t,o,c,k,t,o,n,.,c,r,a,i,g,s,l,i,s,t,.,o,r,g,/
h,t,t,p,s,:,/,/,s,u,s,a,n,v,i,l,l,e,.,c,r,a,i,g,s,l,i,s,t,.,o,r,g,/
h,t,t,p,s,:,/,/,v,e,n,t,u,r,a,.,c,r,a,i,g,s,l,i,s,t,.,o,r,g,/
h,t,t,p,s,:,/,/,v,i,s,a,l,i,a,.,c,r,a,i,g,s,l,i,s,t,.,o,r,g,/
h,t,t,p,s,:,/,/,y,u,b,a,s,u,t,t,e,r,.,c,r,a,i,g,s,l,i,s,t,.,o,r,g,/
h,t,t,p,s,:,/,/,b,o,u,l,d,e,r,.,c,r,a,i,g,s,l,i,s,t,.,o,r,g,/
h,t,t,p,s,:,/,/,c,o,s,p,r,i,n,g,s,.,c,r,a,i,g,s,l,i,s,t,.,o,r,g,/
h,t,t,p,s,:,/,/,d,e,n,v,e,r,.,c,r,a,i,g,s,l,i,s,t,.,o,r,g,/
h,t,t,p,s,:,/,/,e,a,s,t,c,o,.,c,r,a,i,g,s,l,i,s,t,.,o,r,g,/
h,t,t,p,s,:,/,/,f,o,r,t,c,o,l,l,i,n,s,.,c,r,a,i,g,s,l,i,s,t,.,o,r,g,/
h,t,t,p,s,:,/,/,r,o,c,k,i,e,s,.,c,r,a,i,g,s,l,i,s,t,.,o,r,g,/
h,t,t,p,s,:,/,/,p,u,e,b,l,o,.,c,r,a,i,g,s,l,i,s,t,.,o,r,g,/
h,t,t,p,s,:,/,/,w,e,s,t,s,l,o,p,e,.,c,r,a,i,g,s,l,i,s,t,.,o,r,g,/
h,t,t,p,s,:,/,/,n,e,w,l,o,n,d,o,n,.,c,r,a,i,g,s,l,i,s,t,.,o,r,g,/
h,t,t,p,s,:,/,/,h,a,r,t,f,o,r,d,.,c,r,a,i,g,s,l,i,s,t,.,o,r,g,/
h,t,t,p,s,:,/,/,n,e,w,h,a,v,e,n,.,c,r,a,i,g,s,l,i,s,t,.,o,r,g,/
h,t,t,p,s,:,/,/,n,w,c,t,.,c,r,a,i,g,s,l,i,s,t,.,o,r,g,/
h,t,t,p,s,:,/,/,d,e,l,a,w,a,r,e,.,c,r,a,i,g,s,l,i,s,t,.,o,r,g,/
h,t,t,p,s,:,/,/,w,a,s,h,i,n,g,t,o,n,d,c,.,c,r,a,i,g,s,l,i,s,t,.,o,r,g,/
h,t,t,p,:,/,/,m,i,a,m,i,.,c,r,a,i,g,s,l,i,s,t,.,o,r,g,/,b,r,w,/
h,t,t,p,s,:,/,/,d,a,y,t,o,n,a,.,c,r,a,i,g,s,l,i,s,t,.,o,r,g,/
h,t,t,p,s,:,/,/,k,e,y,s,.,c,r,a,i,g,s,l,i,s,t,.,o,r,g,/
h,t,t,p,s,:,/,/,f,o,r,t,l,a,u,d,e,r,d,a,l,e,.,c,r,a,i,g,s,l,i,s,t,.,o,r,g,/
h,t,t,p,s,:,/,/,f,o,r,t,m,y,e,r,s,.,c,r,a,i,g,s,l,i,s,t,.,o,r,g,/
h,t,t,p,s,:,/,/,g,a,i,n,e,s,v,i,l,l,e,.,c,r,a,i,g,s,l,i,s,t,.,o,r,g,/
h,t,t,p,s,:,/,/,c,f,l,.,c,r,a,i,g,s,l,i,s,t,.,o,r,g,/
h,t,t,p,s,:,/,/,j,a,c,k,s,o,n,v,i,l,l,e,.,c,r,a,i,g,s,l,i,s,t,.,o,r,g,/
h,t,t,p,s,:,/,/,l,a,k,e,l,a,n,d,.,c,r,a,i,g,s,l,i,s,t,.,o,r,g,/
h,t,t,p,:,/,/,m,i,a,m,i,.,c,r,a,i,g,s,l,i,s,t,.,o,r,g,/,m,d,c,/
h,t,t,p,s,:,/,/,l,a,k,e,c,i,t,y,.,c,r,a,i,g,s,l,i,s,t,.,o,r,g,/
h,t,t,p,s,:,/,/,o,c,a,l,a,.,c,r,a,i,g,s,l,i,s,t,.,o,r,g,/
h,t,t,p,s,:,/,/,o,k,a,l,o,o,s,a,.,c,r,a,i,g,s,l,i,s,t,.,o,r,g,/
h,t,t,p,s,:,/,/,o,r,l,a,n,d,o,.,c,r,a,i,g,s,l,i,s,t,.,o,r,g,/
h,t,t,p,s,:,/,/,p,a,n,a,m,a,c,i,t,y,.,c,r,a,i,g,s,l,i,s,t,.,o,r,g,/
h,t,t,p,s,:,/,/,p,e,n,s,a,c,o,l,a,.,c,r,a,i,g,s,l,i,s,t,.,o,r,g,/
h,t,t,p,s,:,/,/,s,a,r,a,s,o,t,a,.,c,r,a,i,g,s,l,i,s,t,.,o,r,g,/
h,t,t,p,s,:,/,/,m,i,a,m,i,.,c,r,a,i,g,s,l,i,s,t,.,o,r,g,/
h,t,t,p,s,:,/,/,s,p,a,c,e,c,o,a,s,t,.,c,r,a,i,g,s,l,i,s,t,.,o,r,g,/
h,t,t,p,s,:,/,/,s,t,a,u,g,u,s,t,i,n,e,.,c,r,a,i,g,s,l,i,s,t,.,o,r,g,/
h,t,t,p,s,:,/,/,t,a,l,l,a,h,a,s,s,e,e,.,c,r,a,i,g,s,l,i,s,t,.,o,r,g,/
h,t,t,p,s,:,/,/,t,a,m,p,a,.,c,r,a,i,g,s,l,i,s,t,.,o,r,g,/
h,t,t,p,s,:,/,/,t,r,e,a,s,u,r,e,.,c,r,a,i,g,s,l,i,s,t,.,o,r,g,/
h,t,t,p,:,/,/,m,i,a,m,i,.,c,r,a,i,g,s,l,i,s,t,.,o,r,g,/,p,b,c,/
h,t,t,p,s,:,/,/,a,l,b,a,n,y,g,a,.,c,r,a,i,g,s,l,i,s,t,.,o,r,g,/
h,t,t,p,s,:,/,/,a,t,h,e,n,s,g,a,.,c,r,a,i,g,s,l,i,s,t,.,o,r,g,/
h,t,t,p,s,:,/,/,a,t,l,a,n,t,a,.,c,r,a,i,g,s,l,i,s,t,.,o,r,g,/
h,t,t,p,s,:,/,/,a,u,g,u,s,t,a,.,c,r,a,i,g,s,l,i,s,t,.,o,r,g,/
h,t,t,p,s,:,/,/,b,r,u,n,s,w,i,c,k,.,c,r,a,i,g,s,l,i,s,t,.,o,r,g,/
h,t,t,p,s,:,/,/,c,o,l,u,m,b,u,s,g,a,.,c,r,a,i,g,s,l,i,s,t,.,o,r,g,/
h,t,t,p,s,:,/,/,m,a,c,o,n,.,c,r,a,i,g,s,l,i,s,t,.,o,r,g,/
h,t,t,p,s,:,/,/,n,w,g,a,.,c,r,a,i,g,s,l,i,s,t,.,o,r,g,/
h,t,t,p,s,:,/,/,s,a,v,a,n,n,a,h,.,c,r,a,i,g,s,l,i,s,t,.,o,r,g,/
h,t,t,p,s,:,/,/,s,t,a,t,e,s,b,o,r,o,.,c,r,a,i,g,s,l,i,s,t,.,o,r,g,/
h,t,t,p,s,:,/,/,v,a,l,d,o,s,t,a,.,c,r,a,i,g,s,l,i,s,t,.,o,r,g,/
h,t,t,p,s,:,/,/,h,o,n,o,l,u,l,u,.,c,r,a,i,g,s,l,i,s,t,.,o,r,g,/
h,t,t,p,s,:,/,/,b,o,i,s,e,.,c,r,a,i,g,s,l,i,s,t,.,o,r,g,/
h,t,t,p,s,:,/,/,e,a,s,t,i,d,a,h,o,.,c,r,a,i,g,s,l,i,s,t,.,o,r,g,/
h,t,t,p,s,:,/,/,l,e,w,i,s,t,o,n,.,c,r,a,i,g,s,l,i,s,t,.,o,r,g,/
h,t,t,p,s,:,/,/,t,w,i,n,f,a,l,l,s,.,c,r,a,i,g,s,l,i,s,t,.,o,r,g,/
h,t,t,p,s,:,/,/,b,n,.,c,r,a,i,g,s,l,i,s,t,.,o,r,g,/
h,t,t,p,s,:,/,/,c,h,a,m,b,a,n,a,.,c,r,a,i,g,s,l,i,s,t,.,o,r,g,/
h,t,t,p,s,:,/,/,c,h,i,c,a,g,o,.,c,r,a,i,g,s,l,i,s,t,.,o,r,g,/
h,t,t,p,s,:,/,/,d,e,c,a,t,u,r,.,c,r,a,i,g,s,l,i,s,t,.,o,r,g,/
h,t,t,p,s,:,/,/,l,a,s,a,l,l,e,.,c,r,a,i,g,s,l,i,s,t,.,o,r,g,/
h,t,t,p,s,:,/,/,m,a,t,t,o,o,n,.,c,r,a,i,g,s,l,i,s,t,.,o,r,g,/
h,t,t,p,s,:,/,/,p,e,o,r,i,a,.,c,r,a,i,g,s,l,i,s,t,.,o,r,g,/
h,t,t,p,s,:,/,/,r,o,c,k,f,o,r,d,.,c,r,a,i,g,s,l,i,s,t,.,o,r,g,/
h,t,t,p,s,:,/,/,c,a,r,b,o,n,d,a,l,e,.,c,r,a,i,g,s,l,i,s,t,.,o,r,g,/
h,t,t,p,s,:,/,/,s,p,r,i,n,g,f,i,e,l,d,i,l,.,c,r,a,i,g,s,l,i,s,t,.,o,r,g,/
h,t,t,p,s,:,/,/,q,u,i,n,c,y,.,c,r,a,i,g,s,l,i,s,t,.,o,r,g,/
h,t,t,p,s,:,/,/,b,l,o,o,m,i,n,g,t,o,n,.,c,r,a,i,g,s,l,i,s,t,.,o,r,g,/
h,t,t,p,s,:,/,/,e,v,a,n,s,v,i,l,l,e,.,c,r,a,i,g,s,l,i,s,t,.,o,r,g,/
h,t,t,p,s,:,/,/,f,o,r,t,w,a,y,n,e,.,c,r,a,i,g,s,l,i,s,t,.,o,r,g,/
h,t,t,p,s,:,/,/,i,n,d,i,a,n,a,p,o,l,i,s,.,c,r,a,i,g,s,l,i,s,t,.,o,r,g,/
h,t,t,p,s,:,/,/,k,o,k,o,m,o,.,c,r,a,i,g,s,l,i,s,t,.,o,r,g,/
h,t,t,p,s,:,/,/,t,i,p,p,e,c,a,n,o,e,.,c,r,a,i,g,s,l,i,s,t,.,o,r,g,/
h,t,t,p,s,:,/,/,m,u,n,c,i,e,.,c,r,a,i,g,s,l,i,s,t,.,o,r,g,/
h,t,t,p,s,:,/,/,r,i,c,h,m,o,n,d,i,n,.,c,r,a,i,g,s,l,i,s,t,.,o,r,g,/
h,t,t,p,s,:,/,/,s,o,u,t,h,b,e,n,d,.,c,r,a,i,g,s,l,i,s,t,.,o,r,g,/
h,t,t,p,s,:,/,/,t,e,r,r,e,h,a,u,t,e,.,c,r,a,i,g,s,l,i,s,t,.,o,r,g,/
h,t,t,p,s,:,/,/,a,m,e,s,.,c,r,a,i,g,s,l,i,s,t,.,o,r,g,/
h,t,t,p,s,:,/,/,c,e,d,a,r,r,a,p,i,d,s,.,c,r,a,i,g,s,l,i,s,t,.,o,r,g,/
h,t,t,p,s,:,/,/,d,e,s,m,o,i,n,e,s,.,c,r,a,i,g,s,l,i,s,t,.,o,r,g,/
h,t,t,p,s,:,/,/,d,u,b,u,q,u,e,.,c,r,a,i,g,s,l,i,s,t,.,o,r,g,/
h,t,t,p,s,:,/,/,f,o,r,t,d,o,d,g,e,.,c,r,a,i,g,s,l,i,s,t,.,o,r,g,/
h,t,t,p,s,:,/,/,i,o,w,a,c,i,t,y,.,c,r,a,i,g,s,l,i,s,t,.,o,r,g,/
h,t,t,p,s,:,/,/,m,a,s,o,n,c,i,t,y,.,c,r,a,i,g,s,l,i,s,t,.,o,r,g,/
h,t,t,p,s,:,/,/,q,u,a,d,c,i,t,i,e,s,.,c,r,a,i,g,s,l,i,s,t,.,o,r,g,/
h,t,t,p,s,:,/,/,s,i,o,u,x,c,i,t,y,.,c,r,a,i,g,s,l,i,s,t,.,o,r,g,/
h,t,t,p,s,:,/,/,o,t,t,u,m,w,a,.,c,r,a,i,g,s,l,i,s,t,.,o,r,g,/
h,t,t,p,s,:,/,/,w,a,t,e,r,l,o,o,.,c,r,a,i,g,s,l,i,s,t,.,o,r,g,/
h,t,t,p,s,:,/,/,l,a,w,r,e,n,c,e,.,c,r,a,i,g,s,l,i,s,t,.,o,r,g,/
h,t,t,p,s,:,/,/,k,s,u,.,c,r,a,i,g,s,l,i,s,t,.,o,r,g,/
h,t,t,p,s,:,/,/,n,w,k,s,.,c,r,a,i,g,s,l,i,s,t,.,o,r,g,/
h,t,t,p,s,:,/,/,s,a,l,i,n,a,.,c,r,a,i,g,s,l,i,s,t,.,o,r,g,/
h,t,t,p,s,:,/,/,s,e,k,s,.,c,r,a,i,g,s,l,i,s,t,.,o,r,g,/
h,t,t,p,s,:,/,/,s,w,k,s,.,c,r,a,i,g,s,l,i,s,t,.,o,r,g,/
h,t,t,p,s,:,/,/,t,o,p,e,k,a,.,c,r,a,i,g,s,l,i,s,t,.,o,r,g,/
h,t,t,p,s,:,/,/,w,i,c,h,i,t,a,.,c,r,a,i,g,s,l,i,s,t,.,o,r,g,/
h,t,t,p,s,:,/,/,b,g,k,y,.,c,r,a,i,g,s,l,i,s,t,.,o,r,g,/
h,t,t,p,s,:,/,/,e,a,s,t,k,y,.,c,r,a,i,g,s,l,i,s,t,.,o,r,g,/
h,t,t,p,s,:,/,/,l,e,x,i,n,g,t,o,n,.,c,r,a,i,g,s,l,i,s,t,.,o,r,g,/
h,t,t,p,s,:,/,/,l,o,u,i,s,v,i,l,l,e,.,c,r,a,i,g,s,l,i,s,t,.,o,r,g,/
h,t,t,p,s,:,/,/,o,w,e,n,s,b,o,r,o,.,c,r,a,i,g,s,l,i,s,t,.,o,r,g,/
h,t,t,p,s,:,/,/,w,e,s,t,k,y,.,c,r,a,i,g,s,l,i,s,t,.,o,r,g,/
h,t,t,p,s,:,/,/,b,a,t,o,n,r,o,u,g,e,.,c,r,a,i,g,s,l,i,s,t,.,o,r,g,/
h,t,t,p,s,:,/,/,c,e,n,l,a,.,c,r,a,i,g,s,l,i,s,t,.,o,r,g,/
h,t,t,p,s,:,/,/,h,o,u,m,a,.,c,r,a,i,g,s,l,i,s,t,.,o,r,g,/
h,t,t,p,s,:,/,/,l,a,f,a,y,e,t,t,e,.,c,r,a,i,g,s,l,i,s,t,.,o,r,g,/
h,t,t,p,s,:,/,/,l,a,k,e,c,h,a,r,l,e,s,.,c,r,a,i,g,s,l,i,s,t,.,o,r,g,/
h,t,t,p,s,:,/,/,m,o,n,r,o,e,.,c,r,a,i,g,s,l,i,s,t,.,o,r,g,/
h,t,t,p,s,:,/,/,n,e,w,o,r,l,e,a,n,s,.,c,r,a,i,g,s,l,i,s,t,.,o,r,g,/
h,t,t,p,s,:,/,/,s,h,r,e,v,e,p,o,r,t,.,c,r,a,i,g,s,l,i,s,t,.,o,r,g,/
h,t,t,p,s,:,/,/,m,a,i,n,e,.,c,r,a,i,g,s,l,i,s,t,.,o,r,g,/
h,t,t,p,s,:,/,/,a,n,n,a,p,o,l,i,s,.,c,r,a,i,g,s,l,i,s,t,.,o,r,g,/
h,t,t,p,s,:,/,/,b,a,l,t,i,m,o,r,e,.,c,r,a,i,g,s,l,i,s,t,.,o,r,g,/
h,t,t,p,s,:,/,/,e,a,s,t,e,r,n,s,h,o,r,e,.,c,r,a,i,g,s,l,i,s,t,.,o,r,g,/
h,t,t,p,s,:,/,/,f,r,e,d,e,r,i,c,k,.,c,r,a,i,g,s,l,i,s,t,.,o,r,g,/
h,t,t,p,s,:,/,/,s,m,d,.,c,r,a,i,g,s,l,i,s,t,.,o,r,g,/
h,t,t,p,s,:,/,/,w,e,s,t,m,d,.,c,r,a,i,g,s,l,i,s,t,.,o,r,g,/
h,t,t,p,s,:,/,/,b,o,s,t,o,n,.,c,r,a,i,g,s,l,i,s,t,.,o,r,g,/
h,t,t,p,s,:,/,/,c,a,p,e,c,o,d,.,c,r,a,i,g,s,l,i,s,t,.,o,r,g,/
h,t,t,p,s,:,/,/,s,o,u,t,h,c,o,a,s,t,.,c,r,a,i,g,s,l,i,s,t,.,o,r,g,/
h,t,t,p,s,:,/,/,w,e,s,t,e,r,n,m,a,s,s,.,c,r,a,i,g,s,l,i,s,t,.,o,r,g,/
h,t,t,p,s,:,/,/,w,o,r,c,e,s,t,e,r,.,c,r,a,i,g,s,l,i,s,t,.,o,r,g,/
h,t,t,p,s,:,/,/,a,n,n,a,r,b,o,r,.,c,r,a,i,g,s,l,i,s,t,.,o,r,g,/
h,t,t,p,s,:,/,/,b,a,t,t,l,e,c,r,e,e,k,.,c,r,a,i,g,s,l,i,s,t,.,o,r,g,/
h,t,t,p,s,:,/,/,c,e,n,t,r,a,l,m,i,c,h,.,c,r,a,i,g,s,l,i,s,t,.,o,r,g,/
h,t,t,p,s,:,/,/,d,e,t,r,o,i,t,.,c,r,a,i,g,s,l,i,s,t,.,o,r,g,/
h,t,t,p,s,:,/,/,f,l,i,n,t,.,c,r,a,i,g,s,l,i,s,t,.,o,r,g,/
h,t,t,p,s,:,/,/,g,r,a,n,d,r,a,p,i,d,s,.,c,r,a,i,g,s,l,i,s,t,.,o,r,g,/
h,t,t,p,s,:,/,/,h,o,l,l,a,n,d,.,c,r,a,i,g,s,l,i,s,t,.,o,r,g,/
h,t,t,p,s,:,/,/,j,x,n,.,c,r,a,i,g,s,l,i,s,t,.,o,r,g,/
h,t,t,p,s,:,/,/,k,a,l,a,m,a,z,o,o,.,c,r,a,i,g,s,l,i,s,t,.,o,r,g,/
h,t,t,p,s,:,/,/,l,a,n,s,i,n,g,.,c,r,a,i,g,s,l,i,s,t,.,o,r,g,/
h,t,t,p,s,:,/,/,m,o,n,r,o,e,m,i,.,c,r,a,i,g,s,l,i,s,t,.,o,r,g,/
h,t,t,p,s,:,/,/,m,u,s,k,e,g,o,n,.,c,r,a,i,g,s,l,i,s,t,.,o,r,g,/
h,t,t,p,s,:,/,/,n,m,i,.,c,r,a,i,g,s,l,i,s,t,.,o,r,g,/
h,t,t,p,s,:,/,/,p,o,r,t,h,u,r,o,n,.,c,r,a,i,g,s,l,i,s,t,.,o,r,g,/
h,t,t,p,s,:,/,/,s,a,g,i,n,a,w,.,c,r,a,i,g,s,l,i,s,t,.,o,r,g,/
h,t,t,p,s,:,/,/,s,w,m,i,.,c,r,a,i,g,s,l,i,s,t,.,o,r,g,/
h,t,t,p,s,:,/,/,t,h,u,m,b,.,c,r,a,i,g,s,l,i,s,t,.,o,r,g,/
h,t,t,p,s,:,/,/,u,p,.,c,r,a,i,g,s,l,i,s,t,.,o,r,g,/
h,t,t,p,s,:,/,/,b,e,m,i,d,j,i,.,c,r,a,i,g,s,l,i,s,t,.,o,r,g,/
h,t,t,p,s,:,/,/,b,r,a,i,n,e,r,d,.,c,r,a,i,g,s,l,i,s,t,.,o,r,g,/
h,t,t,p,s,:,/,/,d,u,l,u,t,h,.,c,r,a,i,g,s,l,i,s,t,.,o,r,g,/
h,t,t,p,s,:,/,/,m,a,n,k,a,t,o,.,c,r,a,i,g,s,l,i,s,t,.,o,r,g,/
h,t,t,p,s,:,/,/,m,i,n,n,e,a,p,o,l,i,s,.,c,r,a,i,g,s,l,i,s,t,.,o,r,g,/
h,t,t,p,s,:,/,/,r,m,n,.,c,r,a,i,g,s,l,i,s,t,.,o,r,g,/
h,t,t,p,s,:,/,/,m,a,r,s,h,a,l,l,.,c,r,a,i,g,s,l,i,s,t,.,o,r,g,/
h,t,t,p,s,:,/,/,s,t,c,l,o,u,d,.,c,r,a,i,g,s,l,i,s,t,.,o,r,g,/
h,t,t,p,s,:,/,/,g,u,l,f,p,o,r,t,.,c,r,a,i,g,s,l,i,s,t,.,o,r,g,/
h,t,t,p,s,:,/,/,h,a,t,t,i,e,s,b,u,r,g,.,c,r,a,i,g,s,l,i,s,t,.,o,r,g,/
h,t,t,p,s,:,/,/,j,a,c,k,s,o,n,.,c,r,a,i,g,s,l,i,s,t,.,o,r,g,/
h,t,t,p,s,:,/,/,m,e,r,i,d,i,a,n,.,c,r,a,i,g,s,l,i,s,t,.,o,r,g,/
h,t,t,p,s,:,/,/,n,o,r,t,h,m,i,s,s,.,c,r,a,i,g,s,l,i,s,t,.,o,r,g,/
h,t,t,p,s,:,/,/,n,a,t,c,h,e,z,.,c,r,a,i,g,s,l,i,s,t,.,o,r,g,/
h,t,t,p,s,:,/,/,c,o,l,u,m,b,i,a,m,o,.,c,r,a,i,g,s,l,i,s,t,.,o,r,g,/
h,t,t,p,s,:,/,/,j,o,p,l,i,n,.,c,r,a,i,g,s,l,i,s,t,.,o,r,g,/
h,t,t,p,s,:,/,/,k,a,n,s,a,s,c,i,t,y,.,c,r,a,i,g,s,l,i,s,t,.,o,r,g,/
h,t,t,p,s,:,/,/,k,i,r,k,s,v,i,l,l,e,.,c,r,a,i,g,s,l,i,s,t,.,o,r,g,/
h,t,t,p,s,:,/,/,l,o,z,.,c,r,a,i,g,s,l,i,s,t,.,o,r,g,/
h,t,t,p,s,:,/,/,s,e,m,o,.,c,r,a,i,g,s,l,i,s,t,.,o,r,g,/
h,t,t,p,s,:,/,/,s,p,r,i,n,g,f,i,e,l,d,.,c,r,a,i,g,s,l,i,s,t,.,o,r,g,/
h,t,t,p,s,:,/,/,s,t,j,o,s,e,p,h,.,c,r,a,i,g,s,l,i,s,t,.,o,r,g,/
h,t,t,p,s,:,/,/,s,t,l,o,u,i,s,.,c,r,a,i,g,s,l,i,s,t,.,o,r,g,/
h,t,t,p,s,:,/,/,b,i,l,l,i,n,g,s,.,c,r,a,i,g,s,l,i,s,t,.,o,r,g,/
h,t,t,p,s,:,/,/,b,o,z,e,m,a,n,.,c,r,a,i,g,s,l,i,s,t,.,o,r,g,/
h,t,t,p,s,:,/,/,b,u,t,t,e,.,c,r,a,i,g,s,l,i,s,t,.,o,r,g,/
h,t,t,p,s,:,/,/,g,r,e,a,t,f,a,l,l,s,.,c,r,a,i,g,s,l,i,s,t,.,o,r,g,/
h,t,t,p,s,:,/,/,h,e,l,e,n,a,.,c,r,a,i,g,s,l,i,s,t,.,o,r,g,/
h,t,t,p,s,:,/,/,k,a,l,i,s,p,e,l,l,.,c,r,a,i,g,s,l,i,s,t,.,o,r,g,/
h,t,t,p,s,:,/,/,m,i,s,s,o,u,l,a,.,c,r,a,i,g,s,l,i,s,t,.,o,r,g,/
h,t,t,p,s,:,/,/,m,o,n,t,a,n,a,.,c,r,a,i,g,s,l,i,s,t,.,o,r,g,/
h,t,t,p,s,:,/,/,g,r,a,n,d,i,s,l,a,n,d,.,c,r,a,i,g,s,l,i,s,t,.,o,r,g,/
h,t,t,p,s,:,/,/,l,i,n,c,o,l,n,.,c,r,a,i,g,s,l,i,s,t,.,o,r,g,/
h,t,t,p,s,:,/,/,n,o,r,t,h,p,l,a,t,t,e,.,c,r,a,i,g,s,l,i,s,t,.,o,r,g,/
h,t,t,p,s,:,/,/,o,m,a,h,a,.,c,r,a,i,g,s,l,i,s,t,.,o,r,g,/
h,t,t,p,s,:,/,/,s,c,o,t,t,s,b,l,u,f,f,.,c,r,a,i,g,s,l,i,s,t,.,o,r,g,/
h,t,t,p,s,:,/,/,e,l,k,o,.,c,r,a,i,g,s,l,i,s,t,.,o,r,g,/
h,t,t,p,s,:,/,/,l,a,s,v,e,g,a,s,.,c,r,a,i,g,s,l,i,s,t,.,o,r,g,/
h,t,t,p,s,:,/,/,r,e,n,o,.,c,r,a,i,g,s,l,i,s,t,.,o,r,g,/
h,t,t,p,s,:,/,/,n,h,.,c,r,a,i,g,s,l,i,s,t,.,o,r,g,/
h,t,t,p,s,:,/,/,c,n,j,.,c,r,a,i,g,s,l,i,s,t,.,o,r,g,/
h,t,t,p,s,:,/,/,j,e,r,s,e,y,s,h,o,r,e,.,c,r,a,i,g,s,l,i,s,t,.,o,r,g,/
h,t,t,p,s,:,/,/,n,e,w,j,e,r,s,e,y,.,c,r,a,i,g,s,l,i,s,t,.,o,r,g,/
h,t,t,p,s,:,/,/,s,o,u,t,h,j,e,r,s,e,y,.,c,r,a,i,g,s,l,i,s,t,.,o,r,g,/
h,t,t,p,s,:,/,/,a,l,b,u,q,u,e,r,q,u,e,.,c,r,a,i,g,s,l,i,s,t,.,o,r,g,/
h,t,t,p,s,:,/,/,c,l,o,v,i,s,.,c,r,a,i,g,s,l,i,s,t,.,o,r,g,/
h,t,t,p,s,:,/,/,f,a,r,m,i,n,g,t,o,n,.,c,r,a,i,g,s,l,i,s,t,.,o,r,g,/
h,t,t,p,s,:,/,/,l,a,s,c,r,u,c,e,s,.,c,r,a,i,g,s,l,i,s,t,.,o,r,g,/
h,t,t,p,s,:,/,/,r,o,s,w,e,l,l,.,c,r,a,i,g,s,l,i,s,t,.,o,r,g,/
h,t,t,p,s,:,/,/,s,a,n,t,a,f,e,.,c,r,a,i,g,s,l,i,s,t,.,o,r,g,/
h,t,t,p,s,:,/,/,a,l,b,a,n,y,.,c,r,a,i,g,s,l,i,s,t,.,o,r,g,/
h,t,t,p,s,:,/,/,b,i,n,g,h,a,m,t,o,n,.,c,r,a,i,g,s,l,i,s,t,.,o,r,g,/
h,t,t,p,s,:,/,/,b,u,f,f,a,l,o,.,c,r,a,i,g,s,l,i,s,t,.,o,r,g,/
h,t,t,p,s,:,/,/,c,a,t,s,k,i,l,l,s,.,c,r,a,i,g,s,l,i,s,t,.,o,r,g,/
h,t,t,p,s,:,/,/,c,h,a,u,t,a,u,q,u,a,.,c,r,a,i,g,s,l,i,s,t,.,o,r,g,/
h,t,t,p,s,:,/,/,e,l,m,i,r,a,.,c,r,a,i,g,s,l,i,s,t,.,o,r,g,/
h,t,t,p,s,:,/,/,f,i,n,g,e,r,l,a,k,e,s,.,c,r,a,i,g,s,l,i,s,t,.,o,r,g,/
h,t,t,p,s,:,/,/,g,l,e,n,s,f,a,l,l,s,.,c,r,a,i,g,s,l,i,s,t,.,o,r,g,/
h,t,t,p,s,:,/,/,h,u,d,s,o,n,v,a,l,l,e,y,.,c,r,a,i,g,s,l,i,s,t,.,o,r,g,/
h,t,t,p,s,:,/,/,i,t,h,a,c,a,.,c,r,a,i,g,s,l,i,s,t,.,o,r,g,/
h,t,t,p,s,:,/,/,l,o,n,g,i,s,l,a,n,d,.,c,r,a,i,g,s,l,i,s,t,.,o,r,g,/
h,t,t,p,s,:,/,/,n,e,w,y,o,r,k,.,c,r,a,i,g,s,l,i,s,t,.,o,r,g,/
h,t,t,p,s,:,/,/,o,n,e,o,n,t,a,.,c,r,a,i,g,s,l,i,s,t,.,o,r,g,/
h,t,t,p,s,:,/,/,p,l,a,t,t,s,b,u,r,g,h,.,c,r,a,i,g,s,l,i,s,t,.,o,r,g,/
h,t,t,p,s,:,/,/,p,o,t,s,d,a,m,.,c,r,a,i,g,s,l,i,s,t,.,o,r,g,/
h,t,t,p,s,:,/,/,r,o,c,h,e,s,t,e,r,.,c,r,a,i,g,s,l,i,s,t,.,o,r,g,/
h,t,t,p,s,:,/,/,s,y,r,a,c,u,s,e,.,c,r,a,i,g,s,l,i,s,t,.,o,r,g,/
h,t,t,p,s,:,/,/,t,w,i,n,t,i,e,r,s,.,c,r,a,i,g,s,l,i,s,t,.,o,r,g,/
h,t,t,p,s,:,/,/,u,t,i,c,a,.,c,r,a,i,g,s,l,i,s,t,.,o,r,g,/
h,t,t,p,s,:,/,/,w,a,t,e,r,t,o,w,n,.,c,r,a,i,g,s,l,i,s,t,.,o,r,g,/
h,t,t,p,s,:,/,/,a,s,h,e,v,i,l,l,e,.,c,r,a,i,g,s,l,i,s,t,.,o,r,g,/
h,t,t,p,s,:,/,/,b,o,o,n,e,.,c,r,a,i,g,s,l,i,s,t,.,o,r,g,/
h,t,t,p,s,:,/,/,c,h,a,r,l,o,t,t,e,.,c,r,a,i,g,s,l,i,s,t,.,o,r,g,/
h,t,t,p,s,:,/,/,e,a,s,t,n,c,.,c,r,a,i,g,s,l,i,s,t,.,o,r,g,/
h,t,t,p,s,:,/,/,f,a,y,e,t,t,e,v,i,l,l,e,.,c,r,a,i,g,s,l,i,s,t,.,o,r,g,/
h,t,t,p,s,:,/,/,g,r,e,e,n,s,b,o,r,o,.,c,r,a,i,g,s,l,i,s,t,.,o,r,g,/
h,t,t,p,s,:,/,/,h,i,c,k,o,r,y,.,c,r,a,i,g,s,l,i,s,t,.,o,r,g,/
h,t,t,p,s,:,/,/,o,n,s,l,o,w,.,c,r,a,i,g,s,l,i,s,t,.,o,r,g,/
h,t,t,p,s,:,/,/,o,u,t,e,r,b,a,n,k,s,.,c,r,a,i,g,s,l,i,s,t,.,o,r,g,/
h,t,t,p,s,:,/,/,r,a,l,e,i,g,h,.,c,r,a,i,g,s,l,i,s,t,.,o,r,g,/
h,t,t,p,s,:,/,/,w,i,l,m,i,n,g,t,o,n,.,c,r,a,i,g,s,l,i,s,t,.,o,r,g,/
h,t,t,p,s,:,/,/,w,i,n,s,t,o,n,s,a,l,e,m,.,c,r,a,i,g,s,l,i,s,t,.,o,r,g,/
h,t,t,p,s,:,/,/,b,i,s,m,a,r,c,k,.,c,r,a,i,g,s,l,i,s,t,.,o,r,g,/
h,t,t,p,s,:,/,/,f,a,r,g,o,.,c,r,a,i,g,s,l,i,s,t,.,o,r,g,/
h,t,t,p,s,:,/,/,g,r,a,n,d,f,o,r,k,s,.,c,r,a,i,g,s,l,i,s,t,.,o,r,g,/
h,t,t,p,s,:,/,/,n,d,.,c,r,a,i,g,s,l,i,s,t,.,o,r,g,/
h,t,t,p,s,:,/,/,a,k,r,o,n,c,a,n,t,o,n,.,c,r,a,i,g,s,l,i,s,t,.,o,r,g,/
h,t,t,p,s,:,/,/,a,s,h,t,a,b,u,l,a,.,c,r,a,i,g,s,l,i,s,t,.,o,r,g,/
h,t,t,p,s,:,/,/,a,t,h,e,n,s,o,h,i,o,.,c,r,a,i,g,s,l,i,s,t,.,o,r,g,/
h,t,t,p,s,:,/,/,c,h,i,l,l,i,c,o,t,h,e,.,c,r,a,i,g,s,l,i,s,t,.,o,r,g,/
h,t,t,p,s,:,/,/,c,i,n,c,i,n,n,a,t,i,.,c,r,a,i,g,s,l,i,s,t,.,o,r,g,/
h,t,t,p,s,:,/,/,c,l,e,v,e,l,a,n,d,.,c,r,a,i,g,s,l,i,s,t,.,o,r,g,/
h,t,t,p,s,:,/,/,c,o,l,u,m,b,u,s,.,c,r,a,i,g,s,l,i,s,t,.,o,r,g,/
h,t,t,p,s,:,/,/,d,a,y,t,o,n,.,c,r,a,i,g,s,l,i,s,t,.,o,r,g,/
h,t,t,p,s,:,/,/,l,i,m,a,o,h,i,o,.,c,r,a,i,g,s,l,i,s,t,.,o,r,g,/
h,t,t,p,s,:,/,/,m,a,n,s,f,i,e,l,d,.,c,r,a,i,g,s,l,i,s,t,.,o,r,g,/
h,t,t,p,s,:,/,/,s,a,n,d,u,s,k,y,.,c,r,a,i,g,s,l,i,s,t,.,o,r,g,/
h,t,t,p,s,:,/,/,t,o,l,e,d,o,.,c,r,a,i,g,s,l,i,s,t,.,o,r,g,/
h,t,t,p,s,:,/,/,t,u,s,c,a,r,a,w,a,s,.,c,r,a,i,g,s,l,i,s,t,.,o,r,g,/
h,t,t,p,s,:,/,/,y,o,u,n,g,s,t,o,w,n,.,c,r,a,i,g,s,l,i,s,t,.,o,r,g,/
h,t,t,p,s,:,/,/,z,a,n,e,s,v,i,l,l,e,.,c,r,a,i,g,s,l,i,s,t,.,o,r,g,/
h,t,t,p,s,:,/,/,l,a,w,t,o,n,.,c,r,a,i,g,s,l,i,s,t,.,o,r,g,/
h,t,t,p,s,:,/,/,e,n,i,d,.,c,r,a,i,g,s,l,i,s,t,.,o,r,g,/
h,t,t,p,s,:,/,/,o,k,l,a,h,o,m,a,c,i,t,y,.,c,r,a,i,g,s,l,i,s,t,.,o,r,g,/
h,t,t,p,s,:,/,/,s,t,i,l,l,w,a,t,e,r,.,c,r,a,i,g,s,l,i,s,t,.,o,r,g,/
h,t,t,p,s,:,/,/,t,u,l,s,a,.,c,r,a,i,g,s,l,i,s,t,.,o,r,g,/
h,t,t,p,s,:,/,/,b,e,n,d,.,c,r,a,i,g,s,l,i,s,t,.,o,r,g,/
h,t,t,p,s,:,/,/,c,o,r,v,a,l,l,i,s,.,c,r,a,i,g,s,l,i,s,t,.,o,r,g,/
h,t,t,p,s,:,/,/,e,a,s,t,o,r,e,g,o,n,.,c,r,a,i,g,s,l,i,s,t,.,o,r,g,/
h,t,t,p,s,:,/,/,e,u,g,e,n,e,.,c,r,a,i,g,s,l,i,s,t,.,o,r,g,/
h,t,t,p,s,:,/,/,k,l,a,m,a,t,h,.,c,r,a,i,g,s,l,i,s,t,.,o,r,g,/
h,t,t,p,s,:,/,/,m,e,d,f,o,r,d,.,c,r,a,i,g,s,l,i,s,t,.,o,r,g,/
h,t,t,p,s,:,/,/,o,r,e,g,o,n,c,o,a,s,t,.,c,r,a,i,g,s,l,i,s,t,.,o,r,g,/
h,t,t,p,s,:,/,/,p,o,r,t,l,a,n,d,.,c,r,a,i,g,s,l,i,s,t,.,o,r,g,/
h,t,t,p,s,:,/,/,r,o,s,e,b,u,r,g,.,c,r,a,i,g,s,l,i,s,t,.,o,r,g,/
h,t,t,p,s,:,/,/,s,a,l,e,m,.,c,r,a,i,g,s,l,i,s,t,.,o,r,g,/
h,t,t,p,s,:,/,/,a,l,t,o,o,n,a,.,c,r,a,i,g,s,l,i,s,t,.,o,r,g,/
h,t,t,p,s,:,/,/,c,h,a,m,b,e,r,s,b,u,r,g,.,c,r,a,i,g,s,l,i,s,t,.,o,r,g,/
h,t,t,p,s,:,/,/,e,r,i,e,.,c,r,a,i,g,s,l,i,s,t,.,o,r,g,/
h,t,t,p,s,:,/,/,h,a,r,r,i,s,b,u,r,g,.,c,r,a,i,g,s,l,i,s,t,.,o,r,g,/
h,t,t,p,s,:,/,/,l,a,n,c,a,s,t,e,r,.,c,r,a,i,g,s,l,i,s,t,.,o,r,g,/
h,t,t,p,s,:,/,/,a,l,l,e,n,t,o,w,n,.,c,r,a,i,g,s,l,i,s,t,.,o,r,g,/
h,t,t,p,s,:,/,/,m,e,a,d,v,i,l,l,e,.,c,r,a,i,g,s,l,i,s,t,.,o,r,g,/
h,t,t,p,s,:,/,/,p,h,i,l,a,d,e,l,p,h,i,a,.,c,r,a,i,g,s,l,i,s,t,.,o,r,g,/
h,t,t,p,s,:,/,/,p,i,t,t,s,b,u,r,g,h,.,c,r,a,i,g,s,l,i,s,t,.,o,r,g,/
h,t,t,p,s,:,/,/,p,o,c,o,n,o,s,.,c,r,a,i,g,s,l,i,s,t,.,o,r,g,/
h,t,t,p,s,:,/,/,r,e,a,d,i,n,g,.,c,r,a,i,g,s,l,i,s,t,.,o,r,g,/
h,t,t,p,s,:,/,/,s,c,r,a,n,t,o,n,.,c,r,a,i,g,s,l,i,s,t,.,o,r,g,/
h,t,t,p,s,:,/,/,p,e,n,n,s,t,a,t,e,.,c,r,a,i,g,s,l,i,s,t,.,o,r,g,/
h,t,t,p,s,:,/,/,w,i,l,l,i,a,m,s,p,o,r,t,.,c,r,a,i,g,s,l,i,s,t,.,o,r,g,/
h,t,t,p,s,:,/,/,y,o,r,k,.,c,r,a,i,g,s,l,i,s,t,.,o,r,g,/
h,t,t,p,s,:,/,/,p,r,o,v,i,d,e,n,c,e,.,c,r,a,i,g,s,l,i,s,t,.,o,r,g,/
h,t,t,p,s,:,/,/,c,h,a,r,l,e,s,t,o,n,.,c,r,a,i,g,s,l,i,s,t,.,o,r,g,/
h,t,t,p,s,:,/,/,c,o,l,u,m,b,i,a,.,c,r,a,i,g,s,l,i,s,t,.,o,r,g,/
h,t,t,p,s,:,/,/,f,l,o,r,e,n,c,e,s,c,.,c,r,a,i,g,s,l,i,s,t,.,o,r,g,/
h,t,t,p,s,:,/,/,g,r,e,e,n,v,i,l,l,e,.,c,r,a,i,g,s,l,i,s,t,.,o,r,g,/
h,t,t,p,s,:,/,/,h,i,l,t,o,n,h,e,a,d,.,c,r,a,i,g,s,l,i,s,t,.,o,r,g,/
h,t,t,p,s,:,/,/,m,y,r,t,l,e,b,e,a,c,h,.,c,r,a,i,g,s,l,i,s,t,.,o,r,g,/
h,t,t,p,s,:,/,/,n,e,s,d,.,c,r,a,i,g,s,l,i,s,t,.,o,r,g,/
h,t,t,p,s,:,/,/,c,s,d,.,c,r,a,i,g,s,l,i,s,t,.,o,r,g,/
h,t,t,p,s,:,/,/,r,a,p,i,d,c,i,t,y,.,c,r,a,i,g,s,l,i,s,t,.,o,r,g,/
h,t,t,p,s,:,/,/,s,i,o,u,x,f,a,l,l,s,.,c,r,a,i,g,s,l,i,s,t,.,o,r,g,/
h,t,t,p,s,:,/,/,s,d,.,c,r,a,i,g,s,l,i,s,t,.,o,r,g,/
h,t,t,p,s,:,/,/,c,h,a,t,t,a,n,o,o,g,a,.,c,r,a,i,g,s,l,i,s,t,.,o,r,g,/
h,t,t,p,s,:,/,/,c,l,a,r,k,s,v,i,l,l,e,.,c,r,a,i,g,s,l,i,s,t,.,o,r,g,/
h,t,t,p,s,:,/,/,c,o,o,k,e,v,i,l,l,e,.,c,r,a,i,g,s,l,i,s,t,.,o,r,g,/
h,t,t,p,s,:,/,/,j,a,c,k,s,o,n,t,n,.,c,r,a,i,g,s,l,i,s,t,.,o,r,g,/
h,t,t,p,s,:,/,/,k,n,o,x,v,i,l,l,e,.,c,r,a,i,g,s,l,i,s,t,.,o,r,g,/
h,t,t,p,s,:,/,/,m,e,m,p,h,i,s,.,c,r,a,i,g,s,l,i,s,t,.,o,r,g,/
h,t,t,p,s,:,/,/,n,a,s,h,v,i,l,l,e,.,c,r,a,i,g,s,l,i,s,t,.,o,r,g,/
h,t,t,p,s,:,/,/,t,r,i,c,i,t,i,e,s,.,c,r,a,i,g,s,l,i,s,t,.,o,r,g,/
h,t,t,p,s,:,/,/,a,b,i,l,e,n,e,.,c,r,a,i,g,s,l,i,s,t,.,o,r,g,/
h,t,t,p,s,:,/,/,a,m,a,r,i,l,l,o,.,c,r,a,i,g,s,l,i,s,t,.,o,r,g,/
h,t,t,p,s,:,/,/,a,u,s,t,i,n,.,c,r,a,i,g,s,l,i,s,t,.,o,r,g,/
h,t,t,p,s,:,/,/,b,e,a,u,m,o,n,t,.,c,r,a,i,g,s,l,i,s,t,.,o,r,g,/
h,t,t,p,s,:,/,/,b,r,o,w,n,s,v,i,l,l,e,.,c,r,a,i,g,s,l,i,s,t,.,o,r,g,/
h,t,t,p,s,:,/,/,c,o,l,l,e,g,e,s,t,a,t,i,o,n,.,c,r,a,i,g,s,l,i,s,t,.,o,r,g,/
h,t,t,p,s,:,/,/,c,o,r,p,u,s,c,h,r,i,s,t,i,.,c,r,a,i,g,s,l,i,s,t,.,o,r,g,/
h,t,t,p,s,:,/,/,d,a,l,l,a,s,.,c,r,a,i,g,s,l,i,s,t,.,o,r,g,/
h,t,t,p,s,:,/,/,n,a,c,o,g,d,o,c,h,e,s,.,c,r,a,i,g,s,l,i,s,t,.,o,r,g,/
h,t,t,p,s,:,/,/,d,e,l,r,i,o,.,c,r,a,i,g,s,l,i,s,t,.,o,r,g,/
h,t,t,p,s,:,/,/,e,l,p,a,s,o,.,c,r,a,i,g,s,l,i,s,t,.,o,r,g,/
h,t,t,p,s,:,/,/,g,a,l,v,e,s,t,o,n,.,c,r,a,i,g,s,l,i,s,t,.,o,r,g,/
h,t,t,p,s,:,/,/,h,o,u,s,t,o,n,.,c,r,a,i,g,s,l,i,s,t,.,o,r,g,/
h,t,t,p,s,:,/,/,k,i,l,l,e,e,n,.,c,r,a,i,g,s,l,i,s,t,.,o,r,g,/
h,t,t,p,s,:,/,/,l,a,r,e,d,o,.,c,r,a,i,g,s,l,i,s,t,.,o,r,g,/
h,t,t,p,s,:,/,/,l,u,b,b,o,c,k,.,c,r,a,i,g,s,l,i,s,t,.,o,r,g,/
h,t,t,p,s,:,/,/,m,c,a,l,l,e,n,.,c,r,a,i,g,s,l,i,s,t,.,o,r,g,/
h,t,t,p,s,:,/,/,o,d,e,s,s,a,.,c,r,a,i,g,s,l,i,s,t,.,o,r,g,/
h,t,t,p,s,:,/,/,s,a,n,a,n,g,e,l,o,.,c,r,a,i,g,s,l,i,s,t,.,o,r,g,/
h,t,t,p,s,:,/,/,s,a,n,a,n,t,o,n,i,o,.,c,r,a,i,g,s,l,i,s,t,.,o,r,g,/
h,t,t,p,s,:,/,/,s,a,n,m,a,r,c,o,s,.,c,r,a,i,g,s,l,i,s,t,.,o,r,g,/
h,t,t,p,s,:,/,/,b,i,g,b,e,n,d,.,c,r,a,i,g,s,l,i,s,t,.,o,r,g,/
h,t,t,p,s,:,/,/,t,e,x,o,m,a,.,c,r,a,i,g,s,l,i,s,t,.,o,r,g,/
h,t,t,p,s,:,/,/,e,a,s,t,t,e,x,a,s,.,c,r,a,i,g,s,l,i,s,t,.,o,r,g,/
h,t,t,p,s,:,/,/,v,i,c,t,o,r,i,a,t,x,.,c,r,a,i,g,s,l,i,s,t,.,o,r,g,/
h,t,t,p,s,:,/,/,w,a,c,o,.,c,r,a,i,g,s,l,i,s,t,.,o,r,g,/
h,t,t,p,s,:,/,/,w,i,c,h,i,t,a,f,a,l,l,s,.,c,r,a,i,g,s,l,i,s,t,.,o,r,g,/
h,t,t,p,s,:,/,/,l,o,g,a,n,.,c,r,a,i,g,s,l,i,s,t,.,o,r,g,/
h,t,t,p,s,:,/,/,o,g,d,e,n,.,c,r,a,i,g,s,l,i,s,t,.,o,r,g,/
h,t,t,p,s,:,/,/,p,r,o,v,o,.,c,r,a,i,g,s,l,i,s,t,.,o,r,g,/
h,t,t,p,s,:,/,/,s,a,l,t,l,a,k,e,c,i,t,y,.,c,r,a,i,g,s,l,i,s,t,.,o,r,g,/
h,t,t,p,s,:,/,/,s,t,g,e,o,r,g,e,.,c,r,a,i,g,s,l,i,s,t,.,o,r,g,/
h,t,t,p,s,:,/,/,v,e,r,m,o,n,t,.,c,r,a,i,g,s,l,i,s,t,.,o,r,g,/
h,t,t,p,s,:,/,/,c,h,a,r,l,o,t,t,e,s,v,i,l,l,e,.,c,r,a,i,g,s,l,i,s,t,.,o,r,g,/
h,t,t,p,s,:,/,/,d,a,n,v,i,l,l,e,.,c,r,a,i,g,s,l,i,s,t,.,o,r,g,/
h,t,t,p,s,:,/,/,f,r,e,d,e,r,i,c,k,s,b,u,r,g,.,c,r,a,i,g,s,l,i,s,t,.,o,r,g,/
h,t,t,p,s,:,/,/,n,o,r,f,o,l,k,.,c,r,a,i,g,s,l,i,s,t,.,o,r,g,/
h,t,t,p,s,:,/,/,h,a,r,r,i,s,o,n,b,u,r,g,.,c,r,a,i,g,s,l,i,s,t,.,o,r,g,/
h,t,t,p,s,:,/,/,l,y,n,c,h,b,u,r,g,.,c,r,a,i,g,s,l,i,s,t,.,o,r,g,/
h,t,t,p,s,:,/,/,b,l,a,c,k,s,b,u,r,g,.,c,r,a,i,g,s,l,i,s,t,.,o,r,g,/
h,t,t,p,s,:,/,/,r,i,c,h,m,o,n,d,.,c,r,a,i,g,s,l,i,s,t,.,o,r,g,/
h,t,t,p,s,:,/,/,r,o,a,n,o,k,e,.,c,r,a,i,g,s,l,i,s,t,.,o,r,g,/
h,t,t,p,s,:,/,/,s,w,v,a,.,c,r,a,i,g,s,l,i,s,t,.,o,r,g,/
h,t,t,p,s,:,/,/,w,i,n,c,h,e,s,t,e,r,.,c,r,a,i,g,s,l,i,s,t,.,o,r,g,/
h,t,t,p,s,:,/,/,b,e,l,l,i,n,g,h,a,m,.,c,r,a,i,g,s,l,i,s,t,.,o,r,g,/
h,t,t,p,s,:,/,/,k,p,r,.,c,r,a,i,g,s,l,i,s,t,.,o,r,g,/
h,t,t,p,s,:,/,/,m,o,s,e,s,l,a,k,e,.,c,r,a,i,g,s,l,i,s,t,.,o,r,g,/
h,t,t,p,s,:,/,/,o,l,y,m,p,i,c,.,c,r,a,i,g,s,l,i,s,t,.,o,r,g,/
h,t,t,p,s,:,/,/,p,u,l,l,m,a,n,.,c,r,a,i,g,s,l,i,s,t,.,o,r,g,/
h,t,t,p,s,:,/,/,s,e,a,t,t,l,e,.,c,r,a,i,g,s,l,i,s,t,.,o,r,g,/
h,t,t,p,s,:,/,/,s,k,a,g,i,t,.,c,r,a,i,g,s,l,i,s,t,.,o,r,g,/
h,t,t,p,s,:,/,/,s,p,o,k,a,n,e,.,c,r,a,i,g,s,l,i,s,t,.,o,r,g,/
h,t,t,p,s,:,/,/,w,e,n,a,t,c,h,e,e,.,c,r,a,i,g,s,l,i,s,t,.,o,r,g,/
h,t,t,p,s,:,/,/,y,a,k,i,m,a,.,c,r,a,i,g,s,l,i,s,t,.,o,r,g,/
h,t,t,p,s,:,/,/,c,h,a,r,l,e,s,t,o,n,w,v,.,c,r,a,i,g,s,l,i,s,t,.,o,r,g,/
h,t,t,p,s,:,/,/,m,a,r,t,i,n,s,b,u,r,g,.,c,r,a,i,g,s,l,i,s,t,.,o,r,g,/
h,t,t,p,s,:,/,/,h,u,n,t,i,n,g,t,o,n,.,c,r,a,i,g,s,l,i,s,t,.,o,r,g,/
h,t,t,p,s,:,/,/,m,o,r,g,a,n,t,o,w,n,.,c,r,a,i,g,s,l,i,s,t,.,o,r,g,/
h,t,t,p,s,:,/,/,w,h,e,e,l,i,n,g,.,c,r,a,i,g,s,l,i,s,t,.,o,r,g,/
h,t,t,p,s,:,/,/,p,a,r,k,e,r,s,b,u,r,g,.,c,r,a,i,g,s,l,i,s,t,.,o,r,g,/
h,t,t,p,s,:,/,/,s,w,v,.,c,r,a,i,g,s,l,i,s,t,.,o,r,g,/
h,t,t,p,s,:,/,/,w,v,.,c,r,a,i,g,s,l,i,s,t,.,o,r,g,/
h,t,t,p,s,:,/,/,a,p,p,l,e,t,o,n,.,c,r,a,i,g,s,l,i,s,t,.,o,r,g,/
h,t,t,p,s,:,/,/,e,a,u,c,l,a,i,r,e,.,c,r,a,i,g,s,l,i,s,t,.,o,r,g,/
h,t,t,p,s,:,/,/,g,r,e,e,n,b,a,y,.,c,r,a,i,g,s,l,i,s,t,.,o,r,g,/
h,t,t,p,s,:,/,/,j,a,n,e,s,v,i,l,l,e,.,c,r,a,i,g,s,l,i,s,t,.,o,r,g,/
h,t,t,p,s,:,/,/,r,a,c,i,n,e,.,c,r,a,i,g,s,l,i,s,t,.,o,r,g,/
h,t,t,p,s,:,/,/,l,a,c,r,o,s,s,e,.,c,r,a,i,g,s,l,i,s,t,.,o,r,g,/
h,t,t,p,s,:,/,/,m,a,d,i,s,o,n,.,c,r,a,i,g,s,l,i,s,t,.,o,r,g,/
h,t,t,p,s,:,/,/,m,i,l,w,a,u,k,e,e,.,c,r,a,i,g,s,l,i,s,t,.,o,r,g,/
h,t,t,p,s,:,/,/,n,o,r,t,h,e,r,n,w,i,.,c,r,a,i,g,s,l,i,s,t,.,o,r,g,/
h,t,t,p,s,:,/,/,s,h,e,b,o,y,g,a,n,.,c,r,a,i,g,s,l,i,s,t,.,o,r,g,/
h,t,t,p,s,:,/,/,w,a,u,s,a,u,.,c,r,a,i,g,s,l,i,s,t,.,o,r,g,/
h,t,t,p,s,:,/,/,w,y,o,m,i,n,g,.,c,r,a,i,g,s,l,i,s,t,.,o,r,g,/
h,t,t,p,s,:,/,/,m,i,c,r,o,n,e,s,i,a,.,c,r,a,i,g,s,l,i,s,t,.,o,r,g,/
h,t,t,p,s,:,/,/,p,u,e,r,t,o,r,i,c,o,.,c,r,a,i,g,s,l,i,s,t,.,o,r,g,/
h,t,t,p,s,:,/,/,v,i,r,g,i,n,.,c,r,a,i,g,s,l,i,s,t,.,o,r,g,/
h,t,t,p,s,:,/,/,c,a,l,g,a,r,y,.,c,r,a,i,g,s,l,i,s,t,.,c,a,/
h,t,t,p,s,:,/,/,e,d,m,o,n,t,o,n,.,c,r,a,i,g,s,l,i,s,t,.,c,a,/
h,t,t,p,s,:,/,/,f,t,m,c,m,u,r,r,a,y,.,c,r,a,i,g,s,l,i,s,t,.,c,a,/
h,t,t,p,s,:,/,/,l,e,t,h,b,r,i,d,g,e,.,c,r,a,i,g,s,l,i,s,t,.,c,a,/
h,t,t,p,s,:,/,/,h,a,t,.,c,r,a,i,g,s,l,i,s,t,.,c,a,/
h,t,t,p,s,:,/,/,p,e,a,c,e,.,c,r,a,i,g,s,l,i,s,t,.,c,a,/
h,t,t,p,s,:,/,/,r,e,d,d,e,e,r,.,c,r,a,i,g,s,l,i,s,t,.,c,a,/
h,t,t,p,s,:,/,/,c,a,r,i,b,o,o,.,c,r,a,i,g,s,l,i,s,t,.,c,a,/
h,t,t,p,s,:,/,/,c,o,m,o,x,v,a,l,l,e,y,.,c,r,a,i,g,s,l,i,s,t,.,c,a,/
h,t,t,p,s,:,/,/,a,b,b,o,t,s,f,o,r,d,.,c,r,a,i,g,s,l,i,s,t,.,c,a,/
h,t,t,p,s,:,/,/,k,a,m,l,o,o,p,s,.,c,r,a,i,g,s,l,i,s,t,.,c,a,/
h,t,t,p,s,:,/,/,k,e,l,o,w,n,a,.,c,r,a,i,g,s,l,i,s,t,.,c,a,/
h,t,t,p,s,:,/,/,k,o,o,t,e,n,a,y,s,.,c,r,a,i,g,s,l,i,s,t,.,c,a,/
h,t,t,p,s,:,/,/,n,a,n,a,i,m,o,.,c,r,a,i,g,s,l,i,s,t,.,c,a,/
h,t,t,p,s,:,/,/,p,r,i,n,c,e,g,e,o,r,g,e,.,c,r,a,i,g,s,l,i,s,t,.,c,a,/
h,t,t,p,s,:,/,/,s,k,e,e,n,a,.,c,r,a,i,g,s,l,i,s,t,.,c,a,/
h,t,t,p,s,:,/,/,s,u,n,s,h,i,n,e,.,c,r,a,i,g,s,l,i,s,t,.,c,a,/
h,t,t,p,s,:,/,/,v,a,n,c,o,u,v,e,r,.,c,r,a,i,g,s,l,i,s,t,.,c,a,/
h,t,t,p,s,:,/,/,v,i,c,t,o,r,i,a,.,c,r,a,i,g,s,l,i,s,t,.,c,a,/
h,t,t,p,s,:,/,/,w,h,i,s,t,l,e,r,.,c,r,a,i,g,s,l,i,s,t,.,c,a,/
h,t,t,p,s,:,/,/,w,i,n,n,i,p,e,g,.,c,r,a,i,g,s,l,i,s,t,.,c,a,/
h,t,t,p,s,:,/,/,n,e,w,b,r,u,n,s,w,i,c,k,.,c,r,a,i,g,s,l,i,s,t,.,c,a,/
h,t,t,p,s,:,/,/,n,e,w,f,o,u,n,d,l,a,n,d,.,c,r,a,i,g,s,l,i,s,t,.,c,a,/
h,t,t,p,s,:,/,/,t,e,r,r,i,t,o,r,i,e,s,.,c,r,a,i,g,s,l,i,s,t,.,c,a,/
h,t,t,p,s,:,/,/,y,e,l,l,o,w,k,n,i,f,e,.,c,r,a,i,g,s,l,i,s,t,.,c,a,/
h,t,t,p,s,:,/,/,h,a,l,i,f,a,x,.,c,r,a,i,g,s,l,i,s,t,.,c,a,/
h,t,t,p,s,:,/,/,b,a,r,r,i,e,.,c,r,a,i,g,s,l,i,s,t,.,c,a,/
h,t,t,p,s,:,/,/,b,e,l,l,e,v,i,l,l,e,.,c,r,a,i,g,s,l,i,s,t,.,c,a,/
h,t,t,p,s,:,/,/,b,r,a,n,t,f,o,r,d,.,c,r,a,i,g,s,l,i,s,t,.,c,a,/
h,t,t,p,s,:,/,/,c,h,a,t,h,a,m,.,c,r,a,i,g,s,l,i,s,t,.,c,a,/
h,t,t,p,s,:,/,/,c,o,r,n,w,a,l,l,.,c,r,a,i,g,s,l,i,s,t,.,c,a,/
h,t,t,p,s,:,/,/,g,u,e,l,p,h,.,c,r,a,i,g,s,l,i,s,t,.,c,a,/
h,t,t,p,s,:,/,/,h,a,m,i,l,t,o,n,.,c,r,a,i,g,s,l,i,s,t,.,c,a,/
h,t,t,p,s,:,/,/,k,i,n,g,s,t,o,n,.,c,r,a,i,g,s,l,i,s,t,.,c,a,/
h,t,t,p,s,:,/,/,k,i,t,c,h,e,n,e,r,.,c,r,a,i,g,s,l,i,s,t,.,c,a,/
h,t,t,p,s,:,/,/,l,o,n,d,o,n,o,n,.,c,r,a,i,g,s,l,i,s,t,.,c,a,/
h,t,t,p,s,:,/,/,n,i,a,g,a,r,a,.,c,r,a,i,g,s,l,i,s,t,.,c,a,/
h,t,t,p,s,:,/,/,o,t,t,a,w,a,.,c,r,a,i,g,s,l,i,s,t,.,c,a,/
h,t,t,p,s,:,/,/,o,w,e,n,s,o,u,n,d,.,c,r,a,i,g,s,l,i,s,t,.,c,a,/
h,t,t,p,s,:,/,/,p,e,t,e,r,b,o,r,o,u,g,h,.,c,r,a,i,g,s,l,i,s,t,.,c,a,/
h,t,t,p,s,:,/,/,s,a,r,n,i,a,.,c,r,a,i,g,s,l,i,s,t,.,c,a,/
h,t,t,p,s,:,/,/,s,o,o,.,c,r,a,i,g,s,l,i,s,t,.,c,a,/
h,t,t,p,s,:,/,/,s,u,d,b,u,r,y,.,c,r,a,i,g,s,l,i,s,t,.,c,a,/
h,t,t,p,s,:,/,/,t,h,u,n,d,e,r,b,a,y,.,c,r,a,i,g,s,l,i,s,t,.,c,a,/
h,t,t,p,s,:,/,/,t,o,r,o,n,t,o,.,c,r,a,i,g,s,l,i,s,t,.,c,a,/
h,t,t,p,s,:,/,/,w,i,n,d,s,o,r,.,c,r,a,i,g,s,l,i,s,t,.,c,a,/
h,t,t,p,s,:,/,/,p,e,i,.,c,r,a,i,g,s,l,i,s,t,.,c,a,/
h,t,t,p,s,:,/,/,m,o,n,t,r,e,a,l,.,c,r,a,i,g,s,l,i,s,t,.,c,a,/
h,t,t,p,s,:,/,/,q,u,e,b,e,c,.,c,r,a,i,g,s,l,i,s,t,.,c,a,/
h,t,t,p,s,:,/,/,s,a,g,u,e,n,a,y,.,c,r,a,i,g,s,l,i,s,t,.,c,a,/
h,t,t,p,s,:,/,/,s,h,e,r,b,r,o,o,k,e,.,c,r,a,i,g,s,l,i,s,t,.,c,a,/
h,t,t,p,s,:,/,/,t,r,o,i,s,r,i,v,i,e,r,e,s,.,c,r,a,i,g,s,l,i,s,t,.,c,a,/
h,t,t,p,s,:,/,/,r,e,g,i,n,a,.,c,r,a,i,g,s,l,i,s,t,.,c,a,/
h,t,t,p,s,:,/,/,s,a,s,k,a,t,o,o,n,.,c,r,a,i,g,s,l,i,s,t,.,c,a,/
h,t,t,p,s,:,/,/,w,h,i,t,e,h,o,r,s,e,.,c,r,a,i,g,s,l,i,s,t,.,c,a,/
h,t,t,p,s,:,/,/,v,i,e,n,n,a,.,c,r,a,i,g,s,l,i,s,t,.,a,t,/
h,t,t,p,s,:,/,/,b,r,u,s,s,e,l,s,.,c,r,a,i,g,s,l,i,s,t,.,o,r,g,/
h,t,t,p,s,:,/,/,b,u,l,g,a,r,i,a,.,c,r,a,i,g,s,l,i,s,t,.,o,r,g,/
h,t,t,p,s,:,/,/,z,a,g,r,e,b,.,c,r,a,i,g,s,l,i,s,t,.,o,r,g,/
h,t,t,p,s,:,/,/,p,r,a,g,u,e,.,c,r,a,i,g,s,l,i,s,t,.,c,z,/
h,t,t,p,s,:,/,/,c,o,p,e,n,h,a,g,e,n,.,c,r,a,i,g,s,l,i,s,t,.,o,r,g,/
h,t,t,p,s,:,/,/,h,e,l,s,i,n,k,i,.,c,r,a,i,g,s,l,i,s,t,.,f,i,/
h,t,t,p,s,:,/,/,b,o,r,d,e,a,u,x,.,c,r,a,i,g,s,l,i,s,t,.,o,r,g,/
h,t,t,p,s,:,/,/,r,e,n,n,e,s,.,c,r,a,i,g,s,l,i,s,t,.,o,r,g,/
h,t,t,p,s,:,/,/,g,r,e,n,o,b,l,e,.,c,r,a,i,g,s,l,i,s,t,.,o,r,g,/
h,t,t,p,s,:,/,/,l,i,l,l,e,.,c,r,a,i,g,s,l,i,s,t,.,o,r,g,/
h,t,t,p,s,:,/,/,l,o,i,r,e,.,c,r,a,i,g,s,l,i,s,t,.,o,r,g,/
h,t,t,p,s,:,/,/,l,y,o,n,.,c,r,a,i,g,s,l,i,s,t,.,o,r,g,/
h,t,t,p,s,:,/,/,m,a,r,s,e,i,l,l,e,s,.,c,r,a,i,g,s,l,i,s,t,.,o,r,g,/
h,t,t,p,s,:,/,/,m,o,n,t,p,e,l,l,i,e,r,.,c,r,a,i,g,s,l,i,s,t,.,o,r,g,/
h,t,t,p,s,:,/,/,c,o,t,e,d,a,z,u,r,.,c,r,a,i,g,s,l,i,s,t,.,o,r,g,/
h,t,t,p,s,:,/,/,r,o,u,e,n,.,c,r,a,i,g,s,l,i,s,t,.,o,r,g,/
h,t,t,p,s,:,/,/,p,a,r,i,s,.,c,r,a,i,g,s,l,i,s,t,.,o,r,g,/
h,t,t,p,s,:,/,/,s,t,r,a,s,b,o,u,r,g,.,c,r,a,i,g,s,l,i,s,t,.,o,r,g,/
h,t,t,p,s,:,/,/,t,o,u,l,o,u,s,e,.,c,r,a,i,g,s,l,i,s,t,.,o,r,g,/
h,t,t,p,s,:,/,/,b,e,r,l,i,n,.,c,r,a,i,g,s,l,i,s,t,.,d,e,/
h,t,t,p,s,:,/,/,b,r,e,m,e,n,.,c,r,a,i,g,s,l,i,s,t,.,d,e,/
h,t,t,p,s,:,/,/,c,o,l,o,g,n,e,.,c,r,a,i,g,s,l,i,s,t,.,d,e,/
h,t,t,p,s,:,/,/,d,r,e,s,d,e,n,.,c,r,a,i,g,s,l,i,s,t,.,d,e,/
h,t,t,p,s,:,/,/,d,u,s,s,e,l,d,o,r,f,.,c,r,a,i,g,s,l,i,s,t,.,d,e,/
h,t,t,p,s,:,/,/,e,s,s,e,n,.,c,r,a,i,g,s,l,i,s,t,.,d,e,/
h,t,t,p,s,:,/,/,f,r,a,n,k,f,u,r,t,.,c,r,a,i,g,s,l,i,s,t,.,d,e,/
h,t,t,p,s,:,/,/,h,a,m,b,u,r,g,.,c,r,a,i,g,s,l,i,s,t,.,d,e,/
h,t,t,p,s,:,/,/,h,a,n,n,o,v,e,r,.,c,r,a,i,g,s,l,i,s,t,.,d,e,/
h,t,t,p,s,:,/,/,h,e,i,d,e,l,b,e,r,g,.,c,r,a,i,g,s,l,i,s,t,.,d,e,/
h,t,t,p,s,:,/,/,k,a,i,s,e,r,s,l,a,u,t,e,r,n,.,c,r,a,i,g,s,l,i,s,t,.,d,e,/
h,t,t,p,s,:,/,/,l,e,i,p,z,i,g,.,c,r,a,i,g,s,l,i,s,t,.,d,e,/
h,t,t,p,s,:,/,/,m,u,n,i,c,h,.,c,r,a,i,g,s,l,i,s,t,.,d,e,/
h,t,t,p,s,:,/,/,n,u,r,e,m,b,e,r,g,.,c,r,a,i,g,s,l,i,s,t,.,d,e,/
h,t,t,p,s,:,/,/,s,t,u,t,t,g,a,r,t,.,c,r,a,i,g,s,l,i,s,t,.,d,e,/
h,t,t,p,s,:,/,/,a,t,h,e,n,s,.,c,r,a,i,g,s,l,i,s,t,.,g,r,/
h,t,t,p,s,:,/,/,b,u,d,a,p,e,s,t,.,c,r,a,i,g,s,l,i,s,t,.,o,r,g,/
h,t,t,p,s,:,/,/,r,e,y,k,j,a,v,i,k,.,c,r,a,i,g,s,l,i,s,t,.,o,r,g,/
h,t,t,p,s,:,/,/,d,u,b,l,i,n,.,c,r,a,i,g,s,l,i,s,t,.,o,r,g,/
h,t,t,p,s,:,/,/,b,o,l,o,g,n,a,.,c,r,a,i,g,s,l,i,s,t,.,i,t,/
h,t,t,p,s,:,/,/,f,l,o,r,e,n,c,e,.,c,r,a,i,g,s,l,i,s,t,.,i,t,/
h,t,t,p,s,:,/,/,g,e,n,o,a,.,c,r,a,i,g,s,l,i,s,t,.,i,t,/
h,t,t,p,s,:,/,/,m,i,l,a,n,.,c,r,a,i,g,s,l,i,s,t,.,i,t,/
h,t,t,p,s,:,/,/,n,a,p,l,e,s,.,c,r,a,i,g,s,l,i,s,t,.,i,t,/
h,t,t,p,s,:,/,/,p,e,r,u,g,i,a,.,c,r,a,i,g,s,l,i,s,t,.,i,t,/
h,t,t,p,s,:,/,/,r,o,m,e,.,c,r,a,i,g,s,l,i,s,t,.,i,t,/
h,t,t,p,s,:,/,/,s,a,r,d,i,n,i,a,.,c,r,a,i,g,s,l,i,s,t,.,i,t,/
h,t,t,p,s,:,/,/,s,i,c,i,l,y,.,c,r,a,i,g,s,l,i,s,t,.,i,t,/
h,t,t,p,s,:,/,/,t,o,r,i,n,o,.,c,r,a,i,g,s,l,i,s,t,.,i,t,/
h,t,t,p,s,:,/,/,v,e,n,i,c,e,.,c,r,a,i,g,s,l,i,s,t,.,i,t,/
h,t,t,p,s,:,/,/,l,u,x,e,m,b,o,u,r,g,.,c,r,a,i,g,s,l,i,s,t,.,o,r,g,/
h,t,t,p,s,:,/,/,a,m,s,t,e,r,d,a,m,.,c,r,a,i,g,s,l,i,s,t,.,o,r,g,/
h,t,t,p,s,:,/,/,o,s,l,o,.,c,r,a,i,g,s,l,i,s,t,.,o,r,g,/
h,t,t,p,s,:,/,/,w,a,r,s,a,w,.,c,r,a,i,g,s,l,i,s,t,.,p,l,/
h,t,t,p,s,:,/,/,f,a,r,o,.,c,r,a,i,g,s,l,i,s,t,.,p,t,/
h,t,t,p,s,:,/,/,l,i,s,b,o,n,.,c,r,a,i,g,s,l,i,s,t,.,p,t,/
h,t,t,p,s,:,/,/,p,o,r,t,o,.,c,r,a,i,g,s,l,i,s,t,.,p,t,/
h,t,t,p,s,:,/,/,b,u,c,h,a,r,e,s,t,.,c,r,a,i,g,s,l,i,s,t,.,o,r,g,/
h,t,t,p,s,:,/,/,m,o,s,c,o,w,.,c,r,a,i,g,s,l,i,s,t,.,o,r,g,/
h,t,t,p,s,:,/,/,s,t,p,e,t,e,r,s,b,u,r,g,.,c,r,a,i,g,s,l,i,s,t,.,o,r,g,/
h,t,t,p,s,:,/,/,a,l,i,c,a,n,t,e,.,c,r,a,i,g,s,l,i,s,t,.,e,s,/
h,t,t,p,s,:,/,/,b,a,l,e,a,r,e,s,.,c,r,a,i,g,s,l,i,s,t,.,e,s,/
h,t,t,p,s,:,/,/,b,a,r,c,e,l,o,n,a,.,c,r,a,i,g,s,l,i,s,t,.,e,s,/
h,t,t,p,s,:,/,/,b,i,l,b,a,o,.,c,r,a,i,g,s,l,i,s,t,.,e,s,/
h,t,t,p,s,:,/,/,c,a,d,i,z,.,c,r,a,i,g,s,l,i,s,t,.,e,s,/
h,t,t,p,s,:,/,/,c,a,n,a,r,i,a,s,.,c,r,a,i,g,s,l,i,s,t,.,e,s,/
h,t,t,p,s,:,/,/,g,r,a,n,a,d,a,.,c,r,a,i,g,s,l,i,s,t,.,e,s,/
h,t,t,p,s,:,/,/,m,a,d,r,i,d,.,c,r,a,i,g,s,l,i,s,t,.,e,s,/
h,t,t,p,s,:,/,/,m,a,l,a,g,a,.,c,r,a,i,g,s,l,i,s,t,.,e,s,/
h,t,t,p,s,:,/,/,s,e,v,i,l,l,a,.,c,r,a,i,g,s,l,i,s,t,.,e,s,/
h,t,t,p,s,:,/,/,v,a,l,e,n,c,i,a,.,c,r,a,i,g,s,l,i,s,t,.,e,s,/
h,t,t,p,s,:,/,/,s,t,o,c,k,h,o,l,m,.,c,r,a,i,g,s,l,i,s,t,.,s,e,/
h,t,t,p,s,:,/,/,b,a,s,e,l,.,c,r,a,i,g,s,l,i,s,t,.,c,h,/
h,t,t,p,s,:,/,/,b,e,r,n,.,c,r,a,i,g,s,l,i,s,t,.,c,h,/
h,t,t,p,s,:,/,/,g,e,n,e,v,a,.,c,r,a,i,g,s,l,i,s,t,.,c,h,/
h,t,t,p,s,:,/,/,l,a,u,s,a,n,n,e,.,c,r,a,i,g,s,l,i,s,t,.,c,h,/
h,t,t,p,s,:,/,/,z,u,r,i,c,h,.,c,r,a,i,g,s,l,i,s,t,.,c,h,/
h,t,t,p,s,:,/,/,i,s,t,a,n,b,u,l,.,c,r,a,i,g,s,l,i,s,t,.,c,o,m,.,t,r,/
h,t,t,p,s,:,/,/,u,k,r,a,i,n,e,.,c,r,a,i,g,s,l,i,s,t,.,o,r,g,/
h,t,t,p,s,:,/,/,a,b,e,r,d,e,e,n,.,c,r,a,i,g,s,l,i,s,t,.,c,o,.,u,k,/
h,t,t,p,s,:,/,/,b,a,t,h,.,c,r,a,i,g,s,l,i,s,t,.,c,o,.,u,k,/
h,t,t,p,s,:,/,/,b,e,l,f,a,s,t,.,c,r,a,i,g,s,l,i,s,t,.,c,o,.,u,k,/
h,t,t,p,s,:,/,/,b,i,r,m,i,n,g,h,a,m,.,c,r,a,i,g,s,l,i,s,t,.,c,o,.,u,k,/
h,t,t,p,s,:,/,/,b,r,i,g,h,t,o,n,.,c,r,a,i,g,s,l,i,s,t,.,c,o,.,u,k,/
h,t,t,p,s,:,/,/,b,r,i,s,t,o,l,.,c,r,a,i,g,s,l,i,s,t,.,c,o,.,u,k,/
h,t,t,p,s,:,/,/,c,a,m,b,r,i,d,g,e,.,c,r,a,i,g,s,l,i,s,t,.,c,o,.,u,k,/
h,t,t,p,s,:,/,/,c,a,r,d,i,f,f,.,c,r,a,i,g,s,l,i,s,t,.,c,o,.,u,k,/
h,t,t,p,s,:,/,/,c,o,v,e,n,t,r,y,.,c,r,a,i,g,s,l,i,s,t,.,c,o,.,u,k,/
h,t,t,p,s,:,/,/,d,e,r,b,y,.,c,r,a,i,g,s,l,i,s,t,.,c,o,.,u,k,/
h,t,t,p,s,:,/,/,d,e,v,o,n,.,c,r,a,i,g,s,l,i,s,t,.,c,o,.,u,k,/
h,t,t,p,s,:,/,/,d,u,n,d,e,e,.,c,r,a,i,g,s,l,i,s,t,.,c,o,.,u,k,/
h,t,t,p,s,:,/,/,n,o,r,w,i,c,h,.,c,r,a,i,g,s,l,i,s,t,.,c,o,.,u,k,/
h,t,t,p,s,:,/,/,e,a,s,t,m,i,d,s,.,c,r,a,i,g,s,l,i,s,t,.,c,o,.,u,k,/
h,t,t,p,s,:,/,/,e,d,i,n,b,u,r,g,h,.,c,r,a,i,g,s,l,i,s,t,.,c,o,.,u,k,/
h,t,t,p,s,:,/,/,e,s,s,e,x,.,c,r,a,i,g,s,l,i,s,t,.,c,o,.,u,k,/
h,t,t,p,s,:,/,/,g,l,a,s,g,o,w,.,c,r,a,i,g,s,l,i,s,t,.,c,o,.,u,k,/
h,t,t,p,s,:,/,/,h,a,m,p,s,h,i,r,e,.,c,r,a,i,g,s,l,i,s,t,.,c,o,.,u,k,/
h,t,t,p,s,:,/,/,k,e,n,t,.,c,r,a,i,g,s,l,i,s,t,.,c,o,.,u,k,/
h,t,t,p,s,:,/,/,l,e,e,d,s,.,c,r,a,i,g,s,l,i,s,t,.,c,o,.,u,k,/
h,t,t,p,s,:,/,/,l,i,v,e,r,p,o,o,l,.,c,r,a,i,g,s,l,i,s,t,.,c,o,.,u,k,/
h,t,t,p,s,:,/,/,l,o,n,d,o,n,.,c,r,a,i,g,s,l,i,s,t,.,c,o,.,u,k,/
h,t,t,p,s,:,/,/,m,a,n,c,h,e,s,t,e,r,.,c,r,a,i,g,s,l,i,s,t,.,c,o,.,u,k,/
h,t,t,p,s,:,/,/,n,e,w,c,a,s,t,l,e,.,c,r,a,i,g,s,l,i,s,t,.,c,o,.,u,k,/
h,t,t,p,s,:,/,/,n,o,t,t,i,n,g,h,a,m,.,c,r,a,i,g,s,l,i,s,t,.,c,o,.,u,k,/
h,t,t,p,s,:,/,/,o,x,f,o,r,d,.,c,r,a,i,g,s,l,i,s,t,.,c,o,.,u,k,/
h,t,t,p,s,:,/,/,s,h,e,f,f,i,e,l,d,.,c,r,a,i,g,s,l,i,s,t,.,c,o,.,u,k,/
h,t,t,p,s,:,/,/,b,a,n,g,l,a,d,e,s,h,.,c,r,a,i,g,s,l,i,s,t,.,o,r,g,/
h,t,t,p,s,:,/,/,b,e,i,j,i,n,g,.,c,r,a,i,g,s,l,i,s,t,.,c,o,m,.,c,n,/
h,t,t,p,s,:,/,/,c,h,e,n,g,d,u,.,c,r,a,i,g,s,l,i,s,t,.,c,o,m,.,c,n,/
h,t,t,p,s,:,/,/,c,h,o,n,g,q,i,n,g,.,c,r,a,i,g,s,l,i,s,t,.,c,o,m,.,c,n,/
h,t,t,p,s,:,/,/,d,a,l,i,a,n,.,c,r,a,i,g,s,l,i,s,t,.,c,o,m,.,c,n,/
h,t,t,p,s,:,/,/,g,u,a,n,g,z,h,o,u,.,c,r,a,i,g,s,l,i,s,t,.,c,o,m,.,c,n,/
h,t,t,p,s,:,/,/,h,a,n,g,z,h,o,u,.,c,r,a,i,g,s,l,i,s,t,.,c,o,m,.,c,n,/
h,t,t,p,s,:,/,/,n,a,n,j,i,n,g,.,c,r,a,i,g,s,l,i,s,t,.,c,o,m,.,c,n,/
h,t,t,p,s,:,/,/,s,h,a,n,g,h,a,i,.,c,r,a,i,g,s,l,i,s,t,.,c,o,m,.,c,n,/
h,t,t,p,s,:,/,/,s,h,e,n,y,a,n,g,.,c,r,a,i,g,s,l,i,s,t,.,c,o,m,.,c,n,/
h,t,t,p,s,:,/,/,s,h,e,n,z,h,e,n,.,c,r,a,i,g,s,l,i,s,t,.,c,o,m,.,c,n,/
h,t,t,p,s,:,/,/,w,u,h,a,n,.,c,r,a,i,g,s,l,i,s,t,.,c,o,m,.,c,n,/
h,t,t,p,s,:,/,/,x,i,a,n,.,c,r,a,i,g,s,l,i,s,t,.,c,o,m,.,c,n,/
h,t,t,p,s,:,/,/,m,i,c,r,o,n,e,s,i,a,.,c,r,a,i,g,s,l,i,s,t,.,o,r,g,/
h,t,t,p,s,:,/,/,h,o,n,g,k,o,n,g,.,c,r,a,i,g,s,l,i,s,t,.,h,k,/
h,t,t,p,s,:,/,/,a,h,m,e,d,a,b,a,d,.,c,r,a,i,g,s,l,i,s,t,.,c,o,.,i,n,/
h,t,t,p,s,:,/,/,b,a,n,g,a,l,o,r,e,.,c,r,a,i,g,s,l,i,s,t,.,c,o,.,i,n,/
h,t,t,p,s,:,/,/,b,h,u,b,a,n,e,s,w,a,r,.,c,r,a,i,g,s,l,i,s,t,.,c,o,.,i,n,/
h,t,t,p,s,:,/,/,c,h,a,n,d,i,g,a,r,h,.,c,r,a,i,g,s,l,i,s,t,.,c,o,.,i,n,/
h,t,t,p,s,:,/,/,c,h,e,n,n,a,i,.,c,r,a,i,g,s,l,i,s,t,.,c,o,.,i,n,/
h,t,t,p,s,:,/,/,d,e,l,h,i,.,c,r,a,i,g,s,l,i,s,t,.,c,o,.,i,n,/
h,t,t,p,s,:,/,/,g,o,a,.,c,r,a,i,g,s,l,i,s,t,.,c,o,.,i,n,/
h,t,t,p,s,:,/,/,h,y,d,e,r,a,b,a,d,.,c,r,a,i,g,s,l,i,s,t,.,c,o,.,i,n,/
h,t,t,p,s,:,/,/,i,n,d,o,r,e,.,c,r,a,i,g,s,l,i,s,t,.,c,o,.,i,n,/
h,t,t,p,s,:,/,/,j,a,i,p,u,r,.,c,r,a,i,g,s,l,i,s,t,.,c,o,.,i,n,/
h,t,t,p,s,:,/,/,k,e,r,a,l,a,.,c,r,a,i,g,s,l,i,s,t,.,c,o,.,i,n,/
h,t,t,p,s,:,/,/,k,o,l,k,a,t,a,.,c,r,a,i,g,s,l,i,s,t,.,c,o,.,i,n,/
h,t,t,p,s,:,/,/,l,u,c,k,n,o,w,.,c,r,a,i,g,s,l,i,s,t,.,c,o,.,i,n,/
h,t,t,p,s,:,/,/,m,u,m,b,a,i,.,c,r,a,i,g,s,l,i,s,t,.,c,o,.,i,n,/
h,t,t,p,s,:,/,/,p,u,n,e,.,c,r,a,i,g,s,l,i,s,t,.,c,o,.,i,n,/
h,t,t,p,s,:,/,/,s,u,r,a,t,.,c,r,a,i,g,s,l,i,s,t,.,c,o,.,i,n,/
h,t,t,p,s,:,/,/,j,a,k,a,r,t,a,.,c,r,a,i,g,s,l,i,s,t,.,o,r,g,/
h,t,t,p,s,:,/,/,t,e,h,r,a,n,.,c,r,a,i,g,s,l,i,s,t,.,o,r,g,/
h,t,t,p,s,:,/,/,b,a,g,h,d,a,d,.,c,r,a,i,g,s,l,i,s,t,.,o,r,g,/
h,t,t,p,s,:,/,/,h,a,i,f,a,.,c,r,a,i,g,s,l,i,s,t,.,o,r,g,/
h,t,t,p,s,:,/,/,j,e,r,u,s,a,l,e,m,.,c,r,a,i,g,s,l,i,s,t,.,o,r,g,/
h,t,t,p,s,:,/,/,t,e,l,a,v,i,v,.,c,r,a,i,g,s,l,i,s,t,.,o,r,g,/
h,t,t,p,s,:,/,/,r,a,m,a,l,l,a,h,.,c,r,a,i,g,s,l,i,s,t,.,o,r,g,/
h,t,t,p,s,:,/,/,f,u,k,u,o,k,a,.,c,r,a,i,g,s,l,i,s,t,.,j,p,/
h,t,t,p,s,:,/,/,h,i,r,o,s,h,i,m,a,.,c,r,a,i,g,s,l,i,s,t,.,j,p,/
h,t,t,p,s,:,/,/,n,a,g,o,y,a,.,c,r,a,i,g,s,l,i,s,t,.,j,p,/
h,t,t,p,s,:,/,/,o,k,i,n,a,w,a,.,c,r,a,i,g,s,l,i,s,t,.,j,p,/
h,t,t,p,s,:,/,/,o,s,a,k,a,.,c,r,a,i,g,s,l,i,s,t,.,j,p,/
h,t,t,p,s,:,/,/,s,a,p,p,o,r,o,.,c,r,a,i,g,s,l,i,s,t,.,j,p,/
h,t,t,p,s,:,/,/,s,e,n,d,a,i,.,c,r,a,i,g,s,l,i,s,t,.,j,p,/
h,t,t,p,s,:,/,/,t,o,k,y,o,.,c,r,a,i,g,s,l,i,s,t,.,j,p,/
h,t,t,p,s,:,/,/,s,e,o,u,l,.,c,r,a,i,g,s,l,i,s,t,.,c,o,.,k,r,/
h,t,t,p,s,:,/,/,k,u,w,a,i,t,.,c,r,a,i,g,s,l,i,s,t,.,o,r,g,/
h,t,t,p,s,:,/,/,b,e,i,r,u,t,.,c,r,a,i,g,s,l,i,s,t,.,o,r,g,/
h,t,t,p,s,:,/,/,m,a,l,a,y,s,i,a,.,c,r,a,i,g,s,l,i,s,t,.,o,r,g,/
h,t,t,p,s,:,/,/,p,a,k,i,s,t,a,n,.,c,r,a,i,g,s,l,i,s,t,.,o,r,g,/
h,t,t,p,s,:,/,/,b,a,c,o,l,o,d,.,c,r,a,i,g,s,l,i,s,t,.,c,o,m,.,p,h,/
h,t,t,p,s,:,/,/,n,a,g,a,.,c,r,a,i,g,s,l,i,s,t,.,c,o,m,.,p,h,/
h,t,t,p,s,:,/,/,c,d,o,.,c,r,a,i,g,s,l,i,s,t,.,c,o,m,.,p,h,/
h,t,t,p,s,:,/,/,c,e,b,u,.,c,r,a,i,g,s,l,i,s,t,.,c,o,m,.,p,h,/
h,t,t,p,s,:,/,/,d,a,v,a,o,c,i,t,y,.,c,r,a,i,g,s,l,i,s,t,.,c,o,m,.,p,h,/
h,t,t,p,s,:,/,/,i,l,o,i,l,o,.,c,r,a,i,g,s,l,i,s,t,.,c,o,m,.,p,h,/
h,t,t,p,s,:,/,/,m,a,n,i,l,a,.,c,r,a,i,g,s,l,i,s,t,.,c,o,m,.,p,h,/
h,t,t,p,s,:,/,/,p,a,m,p,a,n,g,a,.,c,r,a,i,g,s,l,i,s,t,.,c,o,m,.,p,h,/
h,t,t,p,s,:,/,/,z,a,m,b,o,a,n,g,a,.,c,r,a,i,g,s,l,i,s,t,.,c,o,m,.,p,h,/
h,t,t,p,s,:,/,/,s,i,n,g,a,p,o,r,e,.,c,r,a,i,g,s,l,i,s,t,.,c,o,m,.,s,g,/
h,t,t,p,s,:,/,/,t,a,i,p,e,i,.,c,r,a,i,g,s,l,i,s,t,.,c,o,m,.,t,w,/
h,t,t,p,s,:,/,/,b,a,n,g,k,o,k,.,c,r,a,i,g,s,l,i,s,t,.,c,o,.,t,h,/
h,t,t,p,s,:,/,/,d,u,b,a,i,.,c,r,a,i,g,s,l,i,s,t,.,o,r,g,/
h,t,t,p,s,:,/,/,v,i,e,t,n,a,m,.,c,r,a,i,g,s,l,i,s,t,.,o,r,g,/
h,t,t,p,s,:,/,/,a,d,e,l,a,i,d,e,.,c,r,a,i,g,s,l,i,s,t,.,c,o,m,.,a,u,/
h,t,t,p,s,:,/,/,b,r,i,s,b,a,n,e,.,c,r,a,i,g,s,l,i,s,t,.,c,o,m,.,a,u,/
h,t,t,p,s,:,/,/,c,a,i,r,n,s,.,c,r,a,i,g,s,l,i,s,t,.,c,o,m,.,a,u,/
h,t,t,p,s,:,/,/,c,a,n,b,e,r,r,a,.,c,r,a,i,g,s,l,i,s,t,.,c,o,m,.,a,u,/
h,t,t,p,s,:,/,/,d,a,r,w,i,n,.,c,r,a,i,g,s,l,i,s,t,.,c,o,m,.,a,u,/
h,t,t,p,s,:,/,/,g,o,l,d,c,o,a,s,t,.,c,r,a,i,g,s,l,i,s,t,.,c,o,m,.,a,u,/
h,t,t,p,s,:,/,/,m,e,l,b,o,u,r,n,e,.,c,r,a,i,g,s,l,i,s,t,.,c,o,m,.,a,u,/
h,t,t,p,s,:,/,/,n,t,l,.,c,r,a,i,g,s,l,i,s,t,.,c,o,m,.,a,u,/
h,t,t,p,s,:,/,/,p,e,r,t,h,.,c,r,a,i,g,s,l,i,s,t,.,c,o,m,.,a,u,/
h,t,t,p,s,:,/,/,s,y,d,n,e,y,.,c,r,a,i,g,s,l,i,s,t,.,c,o,m,.,a,u,/
h,t,t,p,s,:,/,/,h,o,b,a,r,t,.,c,r,a,i,g,s,l,i,s,t,.,c,o,m,.,a,u,/
h,t,t,p,s,:,/,/,w,o,l,l,o,n,g,o,n,g,.,c,r,a,i,g,s,l,i,s,t,.,c,o,m,.,a,u,/
h,t,t,p,s,:,/,/,a,u,c,k,l,a,n,d,.,c,r,a,i,g,s,l,i,s,t,.,o,r,g,/
h,t,t,p,s,:,/,/,c,h,r,i,s,t,c,h,u,r,c,h,.,c,r,a,i,g,s,l,i,s,t,.,o,r,g,/
h,t,t,p,s,:,/,/,d,u,n,e,d,i,n,.,c,r,a,i,g,s,l,i,s,t,.,c,o,.,n,z,/
h,t,t,p,s,:,/,/,w,e,l,l,i,n,g,t,o,n,.,c,r,a,i,g,s,l,i,s,t,.,o,r,g,/
h,t,t,p,s,:,/,/,b,u,e,n,o,s,a,i,r,e,s,.,c,r,a,i,g,s,l,i,s,t,.,o,r,g,/
h,t,t,p,s,:,/,/,l,a,p,a,z,.,c,r,a,i,g,s,l,i,s,t,.,o,r,g,/
h,t,t,p,s,:,/,/,b,e,l,o,h,o,r,i,z,o,n,t,e,.,c,r,a,i,g,s,l,i,s,t,.,o,r,g,/
h,t,t,p,s,:,/,/,b,r,a,s,i,l,i,a,.,c,r,a,i,g,s,l,i,s,t,.,o,r,g,/
h,t,t,p,s,:,/,/,c,u,r,i,t,i,b,a,.,c,r,a,i,g,s,l,i,s,t,.,o,r,g,/
h,t,t,p,s,:,/,/,f,o,r,t,a,l,e,z,a,.,c,r,a,i,g,s,l,i,s,t,.,o,r,g,/
h,t,t,p,s,:,/,/,p,o,r,t,o,a,l,e,g,r,e,.,c,r,a,i,g,s,l,i,s,t,.,o,r,g,/
h,t,t,p,s,:,/,/,r,e,c,i,f,e,.,c,r,a,i,g,s,l,i,s,t,.,o,r,g,/
h,t,t,p,s,:,/,/,r,i,o,.,c,r,a,i,g,s,l,i,s,t,.,o,r,g,/
h,t,t,p,s,:,/,/,s,a,l,v,a,d,o,r,.,c,r,a,i,g,s,l,i,s,t,.,o,r,g,/
h,t,t,p,s,:,/,/,s,a,o,p,a,u,l,o,.,c,r,a,i,g,s,l,i,s,t,.,o,r,g,/
h,t,t,p,s,:,/,/,c,a,r,i,b,b,e,a,n,.,c,r,a,i,g,s,l,i,s,t,.,o,r,g,/
h,t,t,p,s,:,/,/,s,a,n,t,i,a,g,o,.,c,r,a,i,g,s,l,i,s,t,.,o,r,g,/
h,t,t,p,s,:,/,/,c,o,l,o,m,b,i,a,.,c,r,a,i,g,s,l,i,s,t,.,o,r,g,/
h,t,t,p,s,:,/,/,c,o,s,t,a,r,i,c,a,.,c,r,a,i,g,s,l,i,s,t,.,o,r,g,/
h,t,t,p,s,:,/,/,s,a,n,t,o,d,o,m,i,n,g,o,.,c,r,a,i,g,s,l,i,s,t,.,o,r,g,/
h,t,t,p,s,:,/,/,q,u,i,t,o,.,c,r,a,i,g,s,l,i,s,t,.,o,r,g,/
h,t,t,p,s,:,/,/,e,l,s,a,l,v,a,d,o,r,.,c,r,a,i,g,s,l,i,s,t,.,o,r,g,/
h,t,t,p,s,:,/,/,g,u,a,t,e,m,a,l,a,.,c,r,a,i,g,s,l,i,s,t,.,o,r,g,/
h,t,t,p,s,:,/,/,a,c,a,p,u,l,c,o,.,c,r,a,i,g,s,l,i,s,t,.,c,o,m,.,m,x,/
h,t,t,p,s,:,/,/,b,a,j,a,s,u,r,.,c,r,a,i,g,s,l,i,s,t,.,c,o,m,.,m,x,/
h,t,t,p,s,:,/,/,c,h,i,h,u,a,h,u,a,.,c,r,a,i,g,s,l,i,s,t,.,c,o,m,.,m,x,/
h,t,t,p,s,:,/,/,j,u,a,r,e,z,.,c,r,a,i,g,s,l,i,s,t,.,c,o,m,.,m,x,/
h,t,t,p,s,:,/,/,g,u,a,d,a,l,a,j,a,r,a,.,c,r,a,i,g,s,l,i,s,t,.,c,o,m,.,m,x,/
h,t,t,p,s,:,/,/,g,u,a,n,a,j,u,a,t,o,.,c,r,a,i,g,s,l,i,s,t,.,c,o,m,.,m,x,/
h,t,t,p,s,:,/,/,h,e,r,m,o,s,i,l,l,o,.,c,r,a,i,g,s,l,i,s,t,.,c,o,m,.,m,x,/
h,t,t,p,s,:,/,/,m,a,z,a,t,l,a,n,.,c,r,a,i,g,s,l,i,s,t,.,c,o,m,.,m,x,/
h,t,t,p,s,:,/,/,m,e,x,i,c,o,c,i,t,y,.,c,r,a,i,g,s,l,i,s,t,.,c,o,m,.,m,x,/
h,t,t,p,s,:,/,/,m,o,n,t,e,r,r,e,y,.,c,r,a,i,g,s,l,i,s,t,.,c,o,m,.,m,x,/
h,t,t,p,s,:,/,/,o,a,x,a,c,a,.,c,r,a,i,g,s,l,i,s,t,.,c,o,m,.,m,x,/
h,t,t,p,s,:,/,/,p,u,e,b,l,a,.,c,r,a,i,g,s,l,i,s,t,.,c,o,m,.,m,x,/
h,t,t,p,s,:,/,/,p,v,.,c,r,a,i,g,s,l,i,s,t,.,c,o,m,.,m,x,/
h,t,t,p,s,:,/,/,t,i,j,u,a,n,a,.,c,r,a,i,g,s,l,i,s,t,.,c,o,m,.,m,x,/
h,t,t,p,s,:,/,/,v,e,r,a,c,r,u,z,.,c,r,a,i,g,s,l,i,s,t,.,c,o,m,.,m,x,/
h,t,t,p,s,:,/,/,y,u,c,a,t,a,n,.,c,r,a,i,g,s,l,i,s,t,.,c,o,m,.,m,x,/
h,t,t,p,s,:,/,/,m,a,n,a,g,u,a,.,c,r,a,i,g,s,l,i,s,t,.,o,r,g,/
h,t,t,p,s,:,/,/,p,a,n,a,m,a,.,c,r,a,i,g,s,l,i,s,t,.,o,r,g,/
h,t,t,p,s,:,/,/,l,i,m,a,.,c,r,a,i,g,s,l,i,s,t,.,o,r,g,/
h,t,t,p,s,:,/,/,p,u,e,r,t,o,r,i,c,o,.,c,r,a,i,g,s,l,i,s,t,.,o,r,g,/
h,t,t,p,s,:,/,/,m,o,n,t,e,v,i,d,e,o,.,c,r,a,i,g,s,l,i,s,t,.,o,r,g,/
h,t,t,p,s,:,/,/,c,a,r,a,c,a,s,.,c,r,a,i,g,s,l,i,s,t,.,o,r,g,/
h,t,t,p,s,:,/,/,v,i,r,g,i,n,.,c,r,a,i,g,s,l,i,s,t,.,o,r,g,/
h,t,t,p,s,:,/,/,c,a,i,r,o,.,c,r,a,i,g,s,l,i,s,t,.,o,r,g,/
h,t,t,p,s,:,/,/,a,d,d,i,s,a,b,a,b,a,.,c,r,a,i,g,s,l,i,s,t,.,o,r,g,/
h,t,t,p,s,:,/,/,a,c,c,r,a,.,c,r,a,i,g,s,l,i,s,t,.,o,r,g,/
h,t,t,p,s,:,/,/,k,e,n,y,a,.,c,r,a,i,g,s,l,i,s,t,.,o,r,g,/
h,t,t,p,s,:,/,/,c,a,s,a,b,l,a,n,c,a,.,c,r,a,i,g,s,l,i,s,t,.,o,r,g,/
h,t,t,p,s,:,/,/,c,a,p,e,t,o,w,n,.,c,r,a,i,g,s,l,i,s,t,.,c,o,.,z,a,/
h,t,t,p,s,:,/,/,d,u,r,b,a,n,.,c,r,a,i,g,s,l,i,s,t,.,c,o,.,z,a,/
h,t,t,p,s,:,/,/,j,o,h,a,n,n,e,s,b,u,r,g,.,c,r,a,i,g,s,l,i,s,t,.,c,o,.,z,a,/
h,t,t,p,s,:,/,/,p,r,e,t,o,r,i,a,.,c,r,a,i,g,s,l,i,s,t,.,c,o,.,z,a,/
h,t,t,p,s,:,/,/,t,u,n,i,s,.,c,r,a,i,g,s,l,i,s,t,.,o,r,g,/
h,t,t,p,s,:,/,/,w,w,w,.,c,r,a,i,g,s,l,i,s,t,.,o,r,g,/,a,b,o,u,t,/,h,e,l,p,/
h,t,t,p,s,:,/,/,w,w,w,.,c,r,a,i,g,s,l,i,s,t,.,o,r,g,/,a,b,o,u,t,/,s,c,a,m,s
h,t,t,p,s,:,/,/,w,w,w,.,c,r,a,i,g,s,l,i,s,t,.,o,r,g,/,a,b,o,u,t,/,p,r,i,v,a,c,y,.,p,o,l,i,c,y
h,t,t,p,s,:,/,/,f,o,r,u,m,s,.,c,r,a,i,g,s,l,i,s,t,.,o,r,g,/,?,f,o,r,u,m,I,D,=,8
h,t,t,p,s,:,/,/,w,w,w,.,c,r,a,i,g,s,l,i,s,t,.,o,r,g,/,a,b,o,u,t,/,c,r,a,i,g,s,l,i,s,t,_,i,s,_,h,i,r,i,n,g
/,/,w,w,w,.,c,r,a,i,g,s,l,i,s,t,.,o,r,g,/,a,b,o,u,t,/,t,e,r,m,s,.,o,f,.,u,s,e
h,t,t,p,s,:,/,/,w,w,w,.,c,r,a,i,g,s,l,i,s,t,.,o,r,g,/,a,b,o,u,t,/
